호선,역명,지역(시),지역(구),지역(동),지가,지역(시),지역(구),지역(로),면적(㎡),카테고리,임대료,,
8호선,가락시장역,서울특별시,송파구,가락동,5233672.496,서울특별시,송파구,송파대로,24.61,식품제과,"2,833,330",,
3호선,가락시장역,서울특별시,송파구,가락동,5233672.496,서울특별시,송파구,송파대로,21,소매업,"3,519,900",,
8호선,가락시장역,서울특별시,송파구,가락동,5233672.496,서울특별시,송파구,송파대로,33,편의점,"7,167,277",,
8호선,가락시장역,서울특별시,송파구,가락동,5233672.496,서울특별시,송파구,송파대로,30.44,화장품,"12,768,731",,
7호선,가산디지털단지역,서울특별시,금천구,가산동,5233672.496,서울특별시,금천구,벚꽃로,30,화장품,"3,775,052",,
7호선,가산디지털단지역,서울특별시,금천구,가산동,5233672.496,서울특별시,금천구,벚꽃로,39,화장품,"4,907,567",,
7호선,가산디지털단지역,서울특별시,금천구,가산동,5233672.496,서울특별시,금천구,벚꽃로,34,식품제과,"7,512,000",,
7호선,가산디지털단지역,서울특별시,금천구,가산동,5233672.496,서울특별시,금천구,벚꽃로,35.8,편의점,"13,038,740",,
7호선,강남구청역,서울특별시,강남구,삼성동,9496628.221,서울특별시,강남구,학동로,9.2,의류잡화,"930,998",,
7호선,강남구청역,서울특별시,강남구,삼성동,9496628.221,서울특별시,강남구,학동로,36,식품제과,"3,031,199",,
7호선,강남구청역,서울특별시,강남구,삼성동,9496628.221,서울특별시,강남구,학동로,36,의류잡화,"3,031,199",,
7호선,강남구청역,서울특별시,강남구,삼성동,9496628.221,서울특별시,강남구,학동로,30,화장품,"3,390,728",,
7호선,강남구청역,서울특별시,강남구,삼성동,9496628.221,서울특별시,강남구,학동로,41,화장품,"5,082,993",,
7호선,강남구청역,서울특별시,강남구,삼성동,9496628.221,서울특별시,강남구,학동로,41,의류잡화,"5,082,993",,
7호선,강남구청역,서울특별시,강남구,삼성동,9496628.221,서울특별시,강남구,학동로,73.3,화장품,"5,610,000",,
7호선,강남구청역,서울특별시,강남구,삼성동,9496628.221,서울특별시,강남구,학동로,55,식당,"6,216,335",,
7호선,강남구청역,서울특별시,강남구,삼성동,9496628.221,서울특별시,강남구,학동로,63.8,편의점,"14,113,220",,
7호선,강남구청역,서울특별시,강남구,삼성동,9496628.221,서울특별시,강남구,학동로,472,카페,"16,834,400",,
2호선,강남역,서울특별시,강남구,역삼동,9574575.456,서울특별시,강남구,강남대로,13.3,카페,"6,889,683",,
2호선,강남역,서울특별시,강남구,역삼동,9574575.456,서울특별시,강남구,강남대로,20.3,소매업,"10,063,851",,
2호선,강남역,서울특별시,강남구,역삼동,9574575.456,서울특별시,강남구,강남대로,12.99,의류잡화,"10,961,471",,
2호선,강남역,서울특별시,강남구,역삼동,9574575.456,서울특별시,강남구,강남대로,26.55,화장품,"26,510,100",,
2호선,강남역,서울특별시,강남구,역삼동,9574575.456,서울특별시,강남구,강남대로,35.5,화장품,"33,961,005",,
8호선,강동구청역,서울특별시,강동구,성내동,3853370.823,서울특별시,강동구,올림픽로,30,편의점,"8,849,507",,
8호선,강동구청역,서울특별시,강동구,성내동,3853370.823,서울특별시,강동구,올림픽로,36.96,화장품,"9,338,262",,
5호선,강동역,서울특별시,강동구,천호동,3836852.921,서울특별시,강동구,천호대로,15,의류잡화,"2,200,012",,
5호선,강동역,서울특별시,강동구,천호동,3836852.921,서울특별시,강동구,천호대로,24.44,식품제과,"2,877,000",,
5호선,강동역,서울특별시,강동구,천호동,3836852.921,서울특별시,강동구,천호대로,57.26,편의점,"10,222,861",,
5호선,강동역,서울특별시,강동구,천호동,3836852.921,서울특별시,강동구,천호대로,81.6,식품제과,"14,919,520",,
2호선,강변역,서울특별시,광진구,구의동,3309120.032,서울특별시,광진구,강변역로,11.2,카페,"5,041,319",,
2호선,강변역,서울특별시,광진구,구의동,3309120.032,서울특별시,광진구,강변역로,41,편의점,"15,310,500",,
2호선,강변역,서울특별시,광진구,구의동,3309120.032,서울특별시,광진구,강변역로,36.5,화장품,"17,456,040",,
5호선,개롱역,서울특별시,송파구,오금동,4295677.71,서울특별시,송파구,오금로,40,편의점,"6,316,240",,
5호선,개화산역,서울특별시,강서구,방화동,2022212.487,서울특별시,강서구,양천로,30,편의점,"4,085,152",,
5호선,거여역,서울특별시,송파구,거여동,3628035.722,서울특별시,송파구,오금로,28.98,편의점,"4,559,758",,
2호선,건대입구역,서울특별시,광진구,화양동,4372646.939,서울특별시,광진구,아차산로,22.8,의류잡화,"3,256,490",,
7호선,건대입구역,서울특별시,광진구,화양동,4372646.939,서울특별시,광진구,아차산로,26,의류잡화,"3,728,354",,
7호선,건대입구역,서울특별시,광진구,화양동,4372646.939,서울특별시,광진구,아차산로,32,식품제과,"4,588,744",,
2호선,건대입구역,서울특별시,광진구,화양동,4372646.939,서울특별시,광진구,아차산로,23.42,의류잡화,"4,709,346",,
2호선,건대입구역,서울특별시,광진구,화양동,4372646.939,서울특별시,광진구,아차산로,24.55,화장품,"5,208,714",,
2호선,건대입구역,서울특별시,광진구,화양동,4372646.939,서울특별시,광진구,아차산로,29.68,카페,"6,243,818",,
2호선,건대입구역,서울특별시,광진구,화양동,4372646.939,서울특별시,광진구,아차산로,36,의류잡화,"7,638,033",,
7호선,건대입구역,서울특별시,광진구,화양동,4372646.939,서울특별시,광진구,아차산로,29,의류잡화,"7,795,782",,
7호선,건대입구역,서울특별시,광진구,화양동,4372646.939,서울특별시,광진구,아차산로,30,화장품,"8,064,602",,
2호선,건대입구역,서울특별시,광진구,화양동,4372646.939,서울특별시,광진구,아차산로,48.2,화장품,"10,226,478",,
2호선,건대입구역,서울특별시,광진구,화양동,4372646.939,서울특별시,광진구,아차산로,36.04,의류잡화,"11,100,000",,
7호선,건대입구역,서울특별시,광진구,화양동,4372646.939,서울특별시,광진구,아차산로,37.36,편의점,"11,116,490",,
7호선,건대입구역,서울특별시,광진구,화양동,4372646.939,서울특별시,광진구,아차산로,867.64,소매업,"16,415,740",,
7호선,건대입구역,서울특별시,광진구,화양동,4372646.939,서울특별시,광진구,아차산로,75,소매업,"21,308,277",,
7호선,건대입구역,서울특별시,광진구,화양동,4372646.939,서울특별시,광진구,아차산로,76,의료,"26,100,000",,
2호선,건대입구역,서울특별시,광진구,화양동,4372646.939,서울특별시,광진구,아차산로,29.5,의류잡화,"6,680,00",,
3호선,경복궁역,서울특별시,종로구,적선동,9317948.276,서울특별시,종로구,사직로,25.5,카페,"3,713,383",,
3호선,경찰병원역,서울특별시,송파구,가락동,5233672.496,서울특별시,송파구,중대로,37.4,식품제과,"518,300",,
3호선,경찰병원역,서울특별시,송파구,가락동,5233672.496,서울특별시,송파구,중대로,57,소매업,"1,120,000",,
5호선,고덕역,서울특별시,강동구,고덕동,1822725.558,서울특별시,강동구,고덕로,42.94,식품제과,"2,876,000",,
5호선,고덕역,서울특별시,강동구,고덕동,1822725.558,서울특별시,강동구,고덕로,28.62,편의점,"5,036,580",,
6호선,고려대역,서울특별시,성북구,종암동,2215475.627,서울특별시,성북구,종암로,25,카페,"2,014,601",,
6호선,고려대역,서울특별시,성북구,종암동,2215475.627,서울특별시,성북구,종암로,37,화장품,"2,981,609",,
6호선,고려대역,서울특별시,성북구,종암동,2215475.627,서울특별시,성북구,종암로,63,의류잡화,"5,076,794",,
6호선,고려대역,서울특별시,성북구,종암동,2215475.627,서울특별시,성북구,종암로,38.39,화장품,"7,571,147",,
6호선,고려대역,서울특별시,성북구,종암동,2215475.627,서울특별시,성북구,종암로,35,편의점,"10,602,944",,
3호선,고속터미널역,서울특별시,서초구,반포동,6874782.444,서울특별시,서초구,신반포로,13.67,의류잡화,"2,374,190",,
3호선,고속터미널역,서울특별시,서초구,반포동,6874782.444,서울특별시,서초구,신반포로,20.45,식품제과,"3,551,733",,
7호선,고속터미널역,서울특별시,서초구,반포동,6874782.444,서울특별시,서초구,신반포로,360,사무실,"3,949,782",,
7호선,고속터미널역,서울특별시,서초구,반포동,6874782.444,서울특별시,서초구,신반포로,44,식품제과,"4,391,210",,
7호선,고속터미널역,서울특별시,서초구,반포동,6874782.444,서울특별시,서초구,신반포로,47,의류잡화,"5,229,593",,
7호선,고속터미널역,서울특별시,서초구,반포동,6874782.444,서울특별시,서초구,신반포로,48,의류잡화,"5,340,861",,
7호선,고속터미널역,서울특별시,서초구,반포동,6874782.444,서울특별시,서초구,신반포로,556,사무실,"6,100,218",,
7호선,고속터미널역,서울특별시,서초구,반포동,6874782.444,서울특별시,서초구,신반포로,71.53,식품제과,"7,470,141",,
3호선,고속터미널역,서울특별시,서초구,반포동,6874782.444,서울특별시,서초구,신반포로,61.37,의류잡화,"10,658,673",,
3호선,고속터미널역,서울특별시,서초구,반포동,6874782.444,서울특별시,서초구,신반포로,16,카페,"11,540,880",,
3호선,고속터미널역,서울특별시,서초구,반포동,6874782.444,서울특별시,서초구,신반포로,33.75,의류잡화,"12,669,100",,
7호선,고속터미널역,서울특별시,서초구,반포동,6874782.444,서울특별시,서초구,신반포로,60.27,편의점,"17,542,140",,
3호선,고속터미널역,서울특별시,서초구,반포동,6874782.444,서울특별시,서초구,신반포로,106.63,의류잡화,"18,519,380",,
3호선,고속터미널역,서울특별시,서초구,반포동,6874782.444,서울특별시,서초구,신반포로,28.8,화장품,"31,563,813",,
7호선,고속터미널역,서울특별시,서초구,반포동,6874782.444,서울특별시,서초구,신반포로,123.69,소매업,"145,000,000",,
3호선,고속터미널역,서울특별시,서초구,반포동,6874782.444,서울특별시,서초구,신반포로,7475.19,의류잡화,"279,648,140",,
6호선,공덕역,서울특별시,마포구,공덕동,4338831.797,서울특별시,마포구,마포대로,13.6,소매업,"865,728",,
5호선,공덕역,서울특별시,마포구,공덕동,4338831.797,서울특별시,마포구,마포대로,32,소매업,"1,270,000",,
5호선,공덕역,서울특별시,마포구,공덕동,4338831.797,서울특별시,마포구,마포대로,32,소매업,"1,350,000",,
5호선,공덕역,서울특별시,마포구,공덕동,4338831.797,서울특별시,마포구,마포대로,28.5,소매업,"1,586,667",,
5호선,공덕역,서울특별시,마포구,공덕동,4338831.797,서울특별시,마포구,마포대로,37,소매업,"1,654,000",,
5호선,공덕역,서울특별시,마포구,공덕동,4338831.797,서울특별시,마포구,마포대로,28.6,의류잡화,"2,056,481",,
5호선,공덕역,서울특별시,마포구,공덕동,4338831.797,서울특별시,마포구,마포대로,28.7,의류잡화,"2,063,667",,
6호선,공덕역,서울특별시,마포구,공덕동,4338831.797,서울특별시,마포구,마포대로,26,식품제과,"2,255,664",,
6호선,공덕역,서울특별시,마포구,공덕동,4338831.797,서울특별시,마포구,마포대로,26,식품제과,"2,255,664",,
6호선,공덕역,서울특별시,마포구,공덕동,4338831.797,서울특별시,마포구,마포대로,32,식품제과,"2,400,164",,
6호선,공덕역,서울특별시,마포구,공덕동,4338831.797,서울특별시,마포구,마포대로,32,소매업,"3,152,770",,
5호선,공덕역,서울특별시,마포구,공덕동,4338831.797,서울특별시,마포구,마포대로,41.58,의류잡화,"3,511,500",,
6호선,공덕역,서울특별시,마포구,공덕동,4338831.797,서울특별시,마포구,마포대로,48,의류잡화,"3,600,246",,
6호선,공덕역,서울특별시,마포구,공덕동,4338831.797,서울특별시,마포구,마포대로,22,식당,"3,817,278",,
5호선,공덕역,서울특별시,마포구,공덕동,4338831.797,서울특별시,마포구,마포대로,33.71,소매업,"4,257,000",,
5호선,공덕역,서울특별시,마포구,공덕동,4338831.797,서울특별시,마포구,마포대로,28.2,의류잡화,"4,366,121",,
6호선,공덕역,서울특별시,마포구,공덕동,4338831.797,서울특별시,마포구,마포대로,60,의류잡화,"4,500,308",,
5호선,공덕역,서울특별시,마포구,공덕동,4338831.797,서울특별시,마포구,마포대로,30,의류잡화,"4,810,580",,
6호선,공덕역,서울특별시,마포구,공덕동,4338831.797,서울특별시,마포구,마포대로,66,소매업,"4,950,339",,
6호선,공덕역,서울특별시,마포구,공덕동,4338831.797,서울특별시,마포구,마포대로,27,의류잡화,"5,120,000",,
5호선,공덕역,서울특별시,마포구,공덕동,4338831.797,서울특별시,마포구,마포대로,32,의류잡화,"5,131,210",,
5호선,공덕역,서울특별시,마포구,공덕동,4338831.797,서울특별시,마포구,마포대로,32,의류잡화,"5,131,210",,
5호선,공덕역,서울특별시,마포구,공덕동,4338831.797,서울특별시,마포구,마포대로,32.2,의류잡화,"5,163,273",,
6호선,공덕역,서울특별시,마포구,공덕동,4338831.797,서울특별시,마포구,마포대로,30,화장품,"5,205,379",,
5호선,공덕역,서울특별시,마포구,공덕동,4338831.797,서울특별시,마포구,마포대로,34.9,편의점,"7,008,188",,
6호선,공덕역,서울특별시,마포구,공덕동,4338831.797,서울특별시,마포구,마포대로,36,의류잡화,"7,269,700",,
5호선,공덕역,서울특별시,마포구,공덕동,4338831.797,서울특별시,마포구,마포대로,47.3,의류잡화,"7,453,288",,
6호선,공덕역,서울특별시,마포구,공덕동,4338831.797,서울특별시,마포구,마포대로,24,화장품,"7,500,000",,
5호선,공덕역,서울특별시,마포구,공덕동,4338831.797,서울특별시,마포구,마포대로,48.5,의류잡화,"7,642,349",,
6호선,공덕역,서울특별시,마포구,공덕동,4338831.797,서울특별시,마포구,마포대로,37,의류잡화,"8,022,000",,
5호선,공덕역,서울특별시,마포구,공덕동,4338831.797,서울특별시,마포구,마포대로,70.3,의류잡화,"10,109,706",,
6호선,공덕역,서울특별시,마포구,공덕동,4338831.797,서울특별시,마포구,마포대로,112,의류잡화,"10,835,534",,
6호선,공덕역,서울특별시,마포구,공덕동,4338831.797,서울특별시,마포구,마포대로,165,식품제과,"15,963,063",,
6호선,공덕역,서울특별시,마포구,공덕동,4338831.797,서울특별시,마포구,마포대로,39.4,편의점,"17,509,209",,
7호선,공릉역,서울특별시,노원구,공릉동,1971704.187,서울특별시,노원구,동일로,30,의류잡화,"2,305,943",,
7호선,공릉역,서울특별시,노원구,공릉동,1971704.187,서울특별시,노원구,동일로,40,화장품,"3,074,591",,
7호선,공릉역,서울특별시,노원구,공릉동,1971704.187,서울특별시,노원구,동일로,50,식품제과,"3,843,238",,
7호선,공릉역,서울특별시,노원구,공릉동,1971704.187,서울특별시,노원구,동일로,28.91,편의점,"6,716,380",,
7호선,공릉역,서울특별시,노원구,공릉동,1971704.187,서울특별시,노원구,동일로,29.42,화장품,"9,509,157",,
5호선,광나루역,서울특별시,광진구,광장동,2361903.619,서울특별시,광진구,아차산로,17.86,의류잡화,"2,150,000",,
5호선,광나루역,서울특별시,광진구,광장동,2361903.619,서울특별시,광진구,아차산로,53.26,의류잡화,"3,726,868",,
5호선,광나루역,서울특별시,광진구,광장동,2361903.619,서울특별시,광진구,아차산로,62.2,식품제과,"4,585,000",,
5호선,광나루역,서울특별시,광진구,광장동,2361903.619,서울특별시,광진구,아차산로,45,편의점,"8,972,033",,
5호선,광화문역,서울특별시,종로구,도염동,1577171.921,서울특별시,종로구,세종대로,10,의류잡화,"1,236,200",,
5호선,광화문역,서울특별시,종로구,도염동,14692868.85,서울특별시,종로구,세종대로,6.3,의류잡화,"1,600,000",,
5호선,광화문역,서울특별시,종로구,도염동,14692868.85,서울특별시,종로구,세종대로,849,사무실,"6,976,750",,
5호선,광화문역,서울특별시,종로구,도염동,14692868.85,서울특별시,종로구,세종대로,104.1,서점,"10,982,800",,
5호선,광화문역,서울특별시,종로구,도염동,14692868.85,서울특별시,종로구,세종대로,56,편의점,"25,342,583",,
6호선,광흥창역,서울특별시,마포구,창전동,4081228.112,서울특별시,마포구,독막로,50,소매업,"934,981",,
6호선,광흥창역,서울특별시,마포구,창전동,4081228.112,서울특별시,마포구,독막로,50,소매업,"934,981",,
6호선,광흥창역,서울특별시,마포구,창전동,4081228.112,서울특별시,마포구,독막로,106,소매업,"1,489,358",,
6호선,광흥창역,서울특별시,마포구,창전동,4081228.112,서울특별시,마포구,독막로,87,소매업,"1,626,868",,
6호선,광흥창역,서울특별시,마포구,창전동,4081228.112,서울특별시,마포구,독막로,32,소매업,"1,695,984",,
6호선,광흥창역,서울특별시,마포구,창전동,4081228.112,서울특별시,마포구,독막로,20,소매업,"1,962,944",,
6호선,광흥창역,서울특별시,마포구,창전동,4081228.112,서울특별시,마포구,독막로,44,소매업,"2,300,157",,
6호선,광흥창역,서울특별시,마포구,창전동,4081228.112,서울특별시,마포구,독막로,66,화장품,"2,366,071",,
6호선,광흥창역,서울특별시,마포구,창전동,4081228.112,서울특별시,마포구,독막로,25,화장품,"2,941,547",,
6호선,광흥창역,서울특별시,마포구,창전동,4081228.112,서울특별시,마포구,독막로,40,편의점,"5,471,602",,
3호선,교대역,서울특별시,서초구,서초동,8977855.86,서울특별시,서초구,서초대로,37.7,사무실,"452,700",,
2호선,교대역,서울특별시,서초구,서초동,8977855.86,서울특별시,서초구,서초대로,11,사무실,"470,000",,
3호선,교대역,서울특별시,서초구,서초동,8977855.86,서울특별시,서초구,서초대로,37.7,식품제과,"1,500,000",,
3호선,교대역,서울특별시,서초구,서초동,8977855.86,서울특별시,서초구,서초대로,37.7,식품제과,"1,533,300",,
2호선,교대역,서울특별시,서초구,서초동,8977855.86,서울특별시,서초구,서초대로,15,의류잡화,"2,977,646",,
2호선,교대역,서울특별시,서초구,서초동,8977855.86,서울특별시,서초구,서초대로,18,식품제과,"3,510,000",,
2호선,교대역,서울특별시,서초구,서초동,8977855.86,서울특별시,서초구,서초대로,29.28,의류잡화,"3,762,120",,
2호선,교대역,서울특별시,서초구,서초동,8977855.86,서울특별시,서초구,서초대로,28.05,의류잡화,"3,950,000",,
3호선,교대역,서울특별시,서초구,서초동,8977855.86,서울특별시,서초구,서초대로,113.1,편의점,"4,433,300",,
2호선,교대역,서울특별시,서초구,서초동,8977855.86,서울특별시,서초구,서초대로,15,식품제과,"8,196,400",,
2호선,교대역,서울특별시,서초구,서초동,8977855.86,서울특별시,서초구,서초대로,18.6,카페,"10,206,945",,
2호선,구로디지털역,서울특별시,구로구,구로동,2619361.61,서울특별시,구로구,도림천로,10.66,카페,"6,773,016",,
2호선,구로디지털역,서울특별시,구로구,구로동,2619361.61,서울특별시,구로구,도림천로,29,식품제과,"8,502,100",,
2호선,구로디지털역,서울특별시,구로구,구로동,2619361.61,서울특별시,구로구,도림천로,100.8,의류잡화,"14,000,700",,
6호선,구산역,서울특별시,은평구,구산동,2209657.231,서울특별시,은평구,연서로,30,의류잡화,"2,106,614",,
6호선,구산역,서울특별시,은평구,구산동,2209657.231,서울특별시,은평구,연서로,33,식품제과,"2,317,275",,
6호선,구산역,서울특별시,은평구,구산동,2209657.231,서울특별시,은평구,연서로,33,의류잡화,"2,317,275",,
6호선,구산역,서울특별시,은평구,구산동,2209657.231,서울특별시,은평구,연서로,58,화장품,"4,601,968",,
6호선,구산역,서울특별시,은평구,구산동,2209657.231,서울특별시,은평구,연서로,33.2,편의점,"7,210,770",,
2호선,구의역,서울특별시,광진구,구의동,3309120.032,서울특별시,광진구,아차산로,12.08,카페,"341,170",,
2호선,구의역,서울특별시,광진구,구의동,3309120.032,서울특별시,광진구,아차산로,20,의류잡화,"1,023,000",,
2호선,구의역,서울특별시,광진구,구의동,3309120.032,서울특별시,광진구,아차산로,50.46,화장품,"8,480,902",,
7호선,군자역,서울특별시,광진구,능동,3091363.86,서울특별시,광진구,천호대로,86.95,의류잡화,"3,196,209",,
7호선,군자역,서울특별시,광진구,능동,3091363.86,서울특별시,광진구,천호대로,50,화장품,"3,677,938",,
7호선,군자역,서울특별시,광진구,능동,3091363.86,서울특별시,광진구,천호대로,20,식품제과,"4,435,930",,
7호선,군자역,서울특별시,광진구,능동,3091363.86,서울특별시,광진구,천호대로,40,화장품,"4,905,294",,
7호선,군자역,서울특별시,광진구,능동,3091363.86,서울특별시,광진구,천호대로,55,화장품,"4,994,660",,
5호선,군자역,서울특별시,광진구,능동,3091363.86,서울특별시,광진구,천호대로,90.6,화장품,"7,050,000",,
5호선,군자역,서울특별시,광진구,능동,3091363.86,서울특별시,광진구,천호대로,44.67,화장품,"7,500,000",,
7호선,군자역,서울특별시,광진구,능동,3091363.86,서울특별시,광진구,천호대로,24.24,의류잡화,"8,400,200",,
7호선,군자역,서울특별시,광진구,능동,3091363.86,서울특별시,광진구,천호대로,54.82,편의점,"11,979,000",,
7호선,군자역,서울특별시,광진구,능동,3091363.86,서울특별시,광진구,천호대로,31,의류잡화,"13,022,172",,
7호선,군자역,서울특별시,광진구,능동,3091363.86,서울특별시,광진구,천호대로,32.7,의류잡화,"13,500,000",,
7호선,군자역,서울특별시,광진구,능동,3091363.86,서울특별시,광진구,천호대로,27,식품제과,"15,358,696",,
7호선,군자역,서울특별시,광진구,능동,3091363.86,서울특별시,광진구,천호대로,33,식품제과,"16,095,420",,
7호선,군자역,서울특별시,광진구,능동,3091363.86,서울특별시,광진구,천호대로,27,카페,"18,293,194",,
5호선,굽은다리역,서울특별시,강동구,명일동,3975409.598,서울특별시,강동구,양재대로,14.5,의류잡화,"999,990",,
5호선,굽은다리역,서울특별시,강동구,명일동,3975409.598,서울특별시,강동구,양재대로,23,의류잡화,"3,130,000",,
5호선,굽은다리역,서울특별시,강동구,명일동,3975409.598,서울특별시,강동구,양재대로,34.43,식품제과,"3,692,500",,
5호선,굽은다리역,서울특별시,강동구,명일동,3975409.598,서울특별시,강동구,양재대로,30,편의점,"5,299,388",,
3호선,금호역,서울특별시,성동구,금호동4가,3383240.279,서울특별시,성동구,동호로,18.61,소매업,"692,200",,
3호선,금호역,서울특별시,성동구,금호동5가,3383240.279,서울특별시,성동구,동호로,28,식품제과,"798,000",,
3호선,금호역,서울특별시,성동구,금호동6가,3383240.279,서울특별시,성동구,동호로,21,의류잡화,"893,000",,
3호선,금호역,서울특별시,성동구,금호동7가,3383240.279,서울특별시,성동구,동호로,25.3,편의점,"1,175,000",,
3호선,금호역,서울특별시,성동구,금호동8가,3383240.279,서울특별시,성동구,동호로,50.3,화장품,"3,559,459",,
5호선,길동역,서울특별시,강동구,길동,3729561.368,서울특별시,강동구,양재대로,31.82,편의점,"5,116,421",,
4호선,길음역,서울특별시,성북구,길음동,3347344.977,서울특별시,성북구,동소문로,20.04,화장품,"4,987,743",,
4호선,길음역,서울특별시,성북구,길음동,3347344.977,서울특별시,성북구,동소문로,100,식품제과,"6,436,000",,
5호선,김포공항역,서울특별시,강서구,방화동,2022212.487,서울특별시,강서구,하늘길,103.42,사무실,"1,045,000",,
5호선,김포공항역,서울특별시,강서구,방화동,2022212.487,서울특별시,강서구,하늘길,25.29,의류잡화,"3,300,070",,
5호선,김포공항역,서울특별시,강서구,방화동,2022212.487,서울특별시,강서구,하늘길,44.39,식품제과,"3,379,996",,
5호선,김포공항역,서울특별시,강서구,방화동,2022212.487,서울특별시,강서구,하늘길,25.29,의류잡화,"3,850,000",,
5호선,김포공항역,서울특별시,강서구,방화동,2022212.487,서울특별시,강서구,하늘길,53.15,의류잡화,"4,200,000",,
5호선,김포공항역,서울특별시,강서구,방화동,2022212.487,서울특별시,강서구,하늘길,53.97,카페,"4,984,100",,
5호선,김포공항역,서울특별시,강서구,방화동,2022212.487,서울특별시,강서구,하늘길,49.96,의류잡화,"5,059,554",,
5호선,김포공항역,서울특별시,강서구,방화동,2022212.487,서울특별시,강서구,하늘길,25.58,의류잡화,"5,120,000",,
5호선,김포공항역,서울특별시,강서구,방화동,2022212.487,서울특별시,강서구,하늘길,43.71,식품제과,"5,335,330",,
5호선,김포공항역,서울특별시,강서구,방화동,2022212.487,서울특별시,강서구,하늘길,32.34,편의점,"5,515,621",,
5호선,김포공항역,서울특별시,강서구,방화동,2022212.487,서울특별시,강서구,하늘길,44.47,소매업,"6,000,000",,
5호선,김포공항역,서울특별시,강서구,방화동,2022212.487,서울특별시,강서구,하늘길,21.53,의류잡화,"6,300,070",,
5호선,까치산역,서울특별시,강서구,화곡동,2502497.467,서울특별시,강서구,강서로,19.28,의류잡화,"7,674,176",,
5호선,까치산역,서울특별시,강서구,화곡동,2502497.467,서울특별시,강서구,강서로,36.85,식품제과,"8,896,100",,
5호선,까치산역,서울특별시,강서구,화곡동,2502497.467,서울특별시,강서구,강서로,37.82,편의점,"9,319,115",,
5호선,까치산역,서울특별시,강서구,화곡동,2502497.467,서울특별시,강서구,강서로,21.25,카페,"10,000,000",,
5호선,까치산역,서울특별시,강서구,화곡동,2502497.467,서울특별시,강서구,강서로,24.15,의류잡화,"10,130,000",,
5호선,까치산역,서울특별시,강서구,화곡동,2502497.467,서울특별시,강서구,강서로,30.72,화장품,"11,817,326",,
5호선,까치산역,서울특별시,강서구,화곡동,2502497.467,서울특별시,강서구,강서로,28.07,소매업,"12,773,147",,
5호선,까치산역,서울특별시,강서구,화곡동,2502497.467,서울특별시,강서구,강서로,46.76,의류잡화,"15,557,824",,
2호선,낙성대역,서울특별시,관악구,봉천동,2894106.435,서울특별시,관악구,남부순환로,20.94,편의점,"500,630",,
2호선,낙성대역,서울특별시,관악구,봉천동,2894106.435,서울특별시,관악구,남부순환로,16.7,의류잡화,"1,902,830",,
2호선,낙성대역,서울특별시,관악구,봉천동,2894106.435,서울특별시,관악구,남부순환로,21.28,편의점,"5,115,000",,
7호선,남구로역,서울특별시,구로구,구로동,2619361.61,서울특별시,구로구,도림로,22,의류잡화,"2,625,180",,
7호선,남구로역,서울특별시,구로구,구로동,2619361.61,서울특별시,구로구,도림로,43,화장품,"5,131,033",,
7호선,남구로역,서울특별시,구로구,구로동,2619361.61,서울특별시,구로구,도림로,32,화장품,"5,286,312",,
7호선,남구로역,서울특별시,구로구,구로동,2619361.61,서울특별시,구로구,도림로,40,화장품,"6,607,890",,
7호선,남구로역,서울특별시,구로구,구로동,2619361.61,서울특별시,구로구,도림로,33.67,편의점,"7,551,830",,
7호선,남성역,서울특별시,동작구,사당동,3136414.651,서울특별시,동작구,사당로,15,카페,"1,593,084",,
7호선,남성역,서울특별시,동작구,사당동,3136414.651,서울특별시,동작구,사당로,21,화장품,"2,321,440",,
7호선,남성역,서울특별시,동작구,사당동,3136414.651,서울특별시,동작구,사당로,26,식품제과,"2,874,164",,
7호선,남성역,서울특별시,동작구,사당동,3136414.651,서울특별시,동작구,사당로,45,화장품,"4,974,514",,
7호선,남성역,서울특별시,동작구,사당동,3136414.651,서울특별시,동작구,사당로,50,의류잡화,"5,310,281",,
7호선,남성역,서울특별시,동작구,사당동,3136414.651,서울특별시,동작구,사당로,45.25,편의점,"8,496,620",,
7호선,내방역,서울특별시,서초구,방배동,5231113.104,서울특별시,서초구,서초대로,34,의류잡화,"1,710,654",,
7호선,내방역,서울특별시,서초구,방배동,5231113.104,서울특별시,서초구,서초대로,28,화장품,"2,489,840",,
7호선,내방역,서울특별시,서초구,방배동,5231113.104,서울특별시,서초구,서초대로,28,화장품,"2,489,840",,
7호선,내방역,서울특별시,서초구,방배동,5231113.104,서울특별시,서초구,서초대로,45,의류잡화,"4,200,000",,
7호선,내방역,서울특별시,서초구,방배동,5231113.104,서울특별시,서초구,서초대로,30.78,의류잡화,"4,211,869",,
7호선,내방역,서울특별시,서초구,방배동,5231113.104,서울특별시,서초구,서초대로,62.21,편의점,"13,549,360",,
7호선,노원역,서울특별시,노원구,상계동,2248616.726,서울특별시,노원구,상계로,52,사무실,"541,660",,
4호선,노원역,서울특별시,노원구,상계동,2248616.726,서울특별시,노원구,상계로,14.91,의류잡화,"559,380",,
7호선,노원역,서울특별시,노원구,상계동,2248616.726,서울특별시,노원구,상계로,17,식당,"2,349,954",,
7호선,노원역,서울특별시,노원구,상계동,2248616.726,서울특별시,노원구,상계로,24,의류잡화,"3,382,050",,
7호선,노원역,서울특별시,노원구,상계동,2248616.726,서울특별시,노원구,상계로,37,화장품,"4,032,817",,
7호선,노원역,서울특별시,노원구,상계동,2248616.726,서울특별시,노원구,상계로,40,화장품,"4,359,803",,
7호선,노원역,서울특별시,노원구,상계동,2248616.726,서울특별시,노원구,상계로,55.15,편의점,"17,204,550",,
7호선,노원역,서울특별시,노원구,상계동,2248616.726,서울특별시,노원구,상계로,36.4,식품제과,"27,943,265",,
3호선,녹번역,서울특별시,은평구,녹번동,2564737.178,서울특별시,은평구,통일로,12.65,식품제과,"418,000",,
3호선,녹번역,서울특별시,은평구,녹번동,2564737.178,서울특별시,은평구,통일로,19.3,식품제과,"512,000",,
3호선,녹번역,서울특별시,은평구,녹번동,2564737.178,서울특별시,은평구,통일로,23.9,식품제과,"522,600",,
3호선,녹번역,서울특별시,은평구,녹번동,2564737.178,서울특별시,은평구,통일로,29.3,식당,"755,800",,
3호선,녹번역,서울특별시,은평구,녹번동,2564737.178,서울특별시,은평구,통일로,13.47,의류잡화,"801,000",,
3호선,녹번역,서울특별시,은평구,녹번동,2564737.178,서울특별시,은평구,통일로,20.61,의류잡화,"823,000",,
6호선,녹사평역,서울특별시,용산구,용산동,2906416.903,서울특별시,용산구,녹사평대로,40,편의점,"8,687,609",,
7호선,논현역,서울특별시,강남구,논현동,7357435.828,서울특별시,강남구,학동로,29,카페,"2,022,349",,
7호선,논현역,서울특별시,강남구,논현동,7357435.828,서울특별시,강남구,학동로,25,식품제과,"2,133,410",,
7호선,논현역,서울특별시,강남구,논현동,7357435.828,서울특별시,강남구,학동로,46,의류잡화,"2,475,996",,
7호선,논현역,서울특별시,강남구,논현동,7357435.828,서울특별시,강남구,학동로,33,식품제과,"2,816,102",,
7호선,논현역,서울특별시,강남구,논현동,7357435.828,서울특별시,강남구,학동로,37.8,의류잡화,"3,530,000",,
7호선,논현역,서울특별시,강남구,논현동,7357435.828,서울특별시,강남구,학동로,35,의류잡화,"3,713,581",,
7호선,논현역,서울특별시,강남구,논현동,7357435.828,서울특별시,강남구,학동로,23,의류잡화,"3,720,000",,
7호선,논현역,서울특별시,강남구,논현동,7357435.828,서울특별시,강남구,학동로,50,화장품,"3,931,054",,
7호선,논현역,서울특별시,강남구,논현동,7357435.828,서울특별시,강남구,학동로,50,화장품,"3,931,054",,
7호선,논현역,서울특별시,강남구,논현동,7357435.828,서울특별시,강남구,학동로,75,소매업,"4,036,950",,
7호선,논현역,서울특별시,강남구,논현동,7357435.828,서울특별시,강남구,학동로,57.7,의류잡화,"5,189,834",,
7호선,논현역,서울특별시,강남구,논현동,7357435.828,서울특별시,강남구,학동로,29.92,식품제과,"5,482,433",,
7호선,논현역,서울특별시,강남구,논현동,7357435.828,서울특별시,강남구,학동로,30,의류잡화,"6,820,000",,
7호선,논현역,서울특별시,강남구,논현동,7357435.828,서울특별시,강남구,학동로,63.44,식품제과,"8,910,000",,
7호선,논현역,서울특별시,강남구,논현동,7357435.828,서울특별시,강남구,학동로,44.65,편의점,"10,937,960",,
5호선,답십리역,서울특별시,성동구,용답동,2906416.903,서울특별시,성동구,천호대로,28.86,의류잡화,"3,310,000",,
5호선,답십리역,서울특별시,성동구,용답동,2906416.903,서울특별시,성동구,천호대로,35.8,의류잡화,"3,665,038",,
5호선,답십리역,서울특별시,성동구,용답동,2906416.903,서울특별시,성동구,천호대로,57.89,식품제과,"6,668,830",,
5호선,답십리역,서울특별시,성동구,용답동,2906416.903,서울특별시,성동구,천호대로,40,편의점,"8,179,176",,
4호선,당고개역,서울특별시,노원구,상계동,2248616.726,서울특별시,노원구,상계로,21.8,식품제과,"252,000",,
4호선,당고개역,서울특별시,노원구,상계동,2248616.726,서울특별시,노원구,상계로,31.5,식품제과,"371,000",,
4호선,당고개역,서울특별시,노원구,상계동,2248616.726,서울특별시,노원구,상계로,23.88,소매업,"387,000",,
4호선,당고개역,서울특별시,노원구,상계동,2248616.726,서울특별시,노원구,상계로,56.3,소매업,"582,000",,
4호선,당고개역,서울특별시,노원구,상계동,2248616.726,서울특별시,노원구,상계로,27.84,의류잡화,"901,870",,
4호선,당고개역,서울특별시,노원구,상계동,2248616.726,서울특별시,노원구,상계로,28.01,카페,"3,353,802",,
4호선,당고개역,서울특별시,노원구,상계동,2248616.726,서울특별시,노원구,상계로,311,의류잡화,"12,000,200",,
2호선,당산역,서울특별시,영등포구,당산동,3515569.136,서울특별시,영등포구,당산로,25,의류잡화,"2,575,815",,
2호선,당산역,서울특별시,영등포구,당산동,3515569.136,서울특별시,영등포구,당산로,12,식당,"2,810,000",,
2호선,당산역,서울특별시,영등포구,당산동,3515569.136,서울특별시,영등포구,당산로,26.14,식품제과,"7,312,000",,
2호선,당산역,서울특별시,영등포구,당산동,3515569.136,서울특별시,영등포구,당산로,22,의류잡화,"11,700,139",,
2호선,대림역,서울특별시,구로구,구로동,2619361.61,서울특별시,구로구,도림천로,15.5,식품제과,"3,152,300",,
7호선,대림역,서울특별시,구로구,구로동,2619361.61,서울특별시,구로구,도림천로,30,화장품,"3,564,294",,
7호선,대림역,서울특별시,구로구,구로동,2619361.61,서울특별시,구로구,도림천로,39,식품제과,"4,303,187",,
7호선,대림역,서울특별시,구로구,구로동,2619361.61,서울특별시,구로구,도림천로,39,의류잡화,"4,303,187",,
7호선,대림역,서울특별시,구로구,구로동,2619361.61,서울특별시,구로구,도림천로,40,의류잡화,"4,413,525",,
2호선,대림역,서울특별시,구로구,구로동,2619361.61,서울특별시,구로구,도림천로,14.93,의류잡화,"5,564,323",,
2호선,대림역,서울특별시,구로구,구로동,2619361.61,서울특별시,구로구,도림천로,20,편의점,"5,643,800",,
2호선,대림역,서울특별시,구로구,구로동,2619361.61,서울특별시,구로구,도림천로,15.76,식당,"5,810,000",,
2호선,대림역,서울특별시,구로구,구로동,2619361.61,서울특별시,구로구,도림천로,14,식품제과,"7,222,000",,
7호선,대림역,서울특별시,구로구,구로동,2619361.61,서울특별시,구로구,도림천로,22,의류잡화,"7,222,000",,
7호선,대림역,서울특별시,구로구,구로동,2619361.61,서울특별시,구로구,도림천로,44.74,식품제과,"9,130,000",,
7호선,대림역,서울특별시,구로구,구로동,2619361.61,서울특별시,구로구,도림천로,22,편의점,"9,200,000",,
7호선,대림역,서울특별시,구로구,구로동,2619361.61,서울특별시,구로구,도림천로,29.51,편의점,"9,955,770",,
2호선,대림역,서울특별시,구로구,구로동,2619361.61,서울특별시,구로구,도림천로,19.47,의류잡화,"12,925,000",,
7호선,대림역,서울특별시,구로구,구로동,2619361.61,서울특별시,구로구,도림천로,68,의류잡화,"15,079,302",,
2호선,대림역,서울특별시,구로구,구로동,2619361.61,서울특별시,구로구,도림천로,33,의류잡화,"15,150,000",,
2호선,대림역,서울특별시,구로구,구로동,2619361.61,서울특별시,구로구,도림천로,14.93,의류잡화,"16,140,000",,
7호선,대림역,서울특별시,구로구,구로동,2619361.61,서울특별시,구로구,도림천로,41.1,의류잡화,"22,680,670",,
6호선,대흥역,서울특별시,마포구,대흥동,4573837.359,서울특별시,마포구,대흥로,23,의류잡화,"1,805,172",,
6호선,대흥역,서울특별시,마포구,대흥동,4573837.359,서울특별시,마포구,대흥로,43.67,화장품,"9,052,664",,
6호선,대흥역,서울특별시,마포구,대흥동,4573837.359,서울특별시,마포구,대흥로,45,편의점,"9,890,867",,
3호선,도곡역,서울특별시,강남구,도곡동,6423487.039,서울특별시,강남구,남부순환로,21.9,의류잡화,"873,400",,
3호선,도곡역,서울특별시,강남구,도곡동,6423487.039,서울특별시,강남구,남부순환로,25.04,식품제과,"1,024,800",,
3호선,도곡역,서울특별시,강남구,도곡동,6423487.039,서울특별시,강남구,남부순환로,23.18,의류잡화,"1,350,000",,
7호선,도봉산역,서울특별시,도봉구,도봉동,1577171.921,서울특별시,도봉구,도봉로,36,카페,"1,179,006",,
7호선,도봉산역,서울특별시,도봉구,도봉동,1577171.921,서울특별시,도봉구,도봉로,38,식품제과,"1,244,507",,
7호선,도봉산역,서울특별시,도봉구,도봉동,1577171.921,서울특별시,도봉구,도봉로,44,식당,"1,441,008",,
7호선,도봉산역,서울특별시,도봉구,도봉동,1577171.921,서울특별시,도봉구,도봉로,46,식품제과,"1,487,499",,
6호선,독바위역,서울특별시,은평구,불광동,2543639.934,서울특별시,은평구,불광로,26,소매업,"889,110",,
6호선,독바위역,서울특별시,은평구,불광동,2543639.934,서울특별시,은평구,불광로,26,소매업,"889,110",,
6호선,독바위역,서울특별시,은평구,불광동,2543639.934,서울특별시,은평구,불광로,33,소매업,"1,128,486",,
6호선,독바위역,서울특별시,은평구,불광동,2543639.934,서울특별시,은평구,불광로,31.3,편의점,"2,860,106",,
6호선,돌곶이역,서울특별시,성북구,석관동,2218474.272,서울특별시,성북구,화랑로,37,의류잡화,"1,762,207",,
6호선,돌곶이역,서울특별시,성북구,석관동,2218474.272,서울특별시,성북구,화랑로,15,의류잡화,"2,324,539",,
6호선,돌곶이역,서울특별시,성북구,석관동,2218474.272,서울특별시,성북구,화랑로,30,화장품,"2,757,787",,
6호선,돌곶이역,서울특별시,성북구,석관동,2218474.272,서울특별시,성북구,화랑로,22,식품제과,"2,815,275",,
6호선,돌곶이역,서울특별시,성북구,석관동,2218474.272,서울특별시,성북구,화랑로,41,카페,"3,768,975",,
6호선,돌곶이역,서울특별시,성북구,석관동,2218474.272,서울특별시,성북구,화랑로,53,의류잡화,"4,872,090",,
6호선,돌곶이역,서울특별시,성북구,석관동,2218474.272,서울특별시,성북구,화랑로,37.8,편의점,"8,738,785",,
1호선,동대문역,서울특별시,종로구,창신동,3498277.047,서울특별시,종로구,종로,19.84,의류잡화,"1,380,000",,
1호선,동대문역,서울특별시,종로구,창신동,3498277.047,서울특별시,종로구,종로,17.5,의류잡화,"1,431,300",,
4호선,동대문역,서울특별시,종로구,창신동,3498277.047,서울특별시,종로구,종로,19.8,의류잡화,"2,067,179",,
4호선,동대문역,서울특별시,종로구,창신동,3498277.047,서울특별시,종로구,종로,20,의류잡화,"2,088,060",,
4호선,동대문역,서울특별시,종로구,창신동,3498277.047,서울특별시,종로구,종로,20.1,식품제과,"2,098,500",,
4호선,동대문역,서울특별시,종로구,창신동,3498277.047,서울특별시,종로구,종로,20.36,식품제과,"2,125,645",,
4호선,동대문역,서울특별시,종로구,창신동,3498277.047,서울특별시,종로구,종로,19.86,의류잡화,"2,356,580",,
4호선,동대문역,서울특별시,종로구,창신동,3498277.047,서울특별시,종로구,종로,24.6,의류잡화,"2,568,313",,
4호선,동대문역,서울특별시,종로구,창신동,3498277.047,서울특별시,종로구,종로,28,카페,"3,054,428",,
1호선,동대문역,서울특별시,종로구,창신동,3498277.047,서울특별시,종로구,종로,11,의류잡화,"3,993,000",,
4호선,동대문역,서울특별시,종로구,창신동,3498277.047,서울특별시,종로구,종로,40.7,의류잡화,"4,249,202",,
4호선,동대문역,서울특별시,종로구,창신동,3498277.047,서울특별시,종로구,종로,40.76,의류잡화,"4,255,466",,
4호선,동대문역,서울특별시,종로구,창신동,3498277.047,서울특별시,종로구,종로,10,카페,"5,109,449",,
1호선,동대문역,서울특별시,종로구,창신동,3498277.047,서울특별시,종로구,종로,30.44,화장품,"5,418,000",,
4호선,동대문역,서울특별시,종로구,창신동,3498277.047,서울특별시,종로구,종로,24.47,의류잡화,"9,547,970",,
4호선,동대문역,서울특별시,종로구,창신동,3498277.047,서울특별시,종로구,종로,12.5,의류잡화,"10,020,000",,
2호선,동대문역사문화공원역,서울특별시,중구,을지로,21319420.45,서울특별시,중구,을지로,31.69,의류잡화,"1,155,400",,
2호선,동대문역사문화공원역,서울특별시,중구,을지로,21319420.45,서울특별시,중구,을지로,62.2,의류잡화,"2,446,800",,
4호선,동대문역사문화공원역,서울특별시,중구,을지로,21319420.45,서울특별시,중구,을지로,15,의류잡화,"3,100,000",,
2호선,동대문역사문화공원역,서울특별시,중구,을지로,21319420.45,서울특별시,중구,을지로,12,카페,"4,625,497",,
4호선,동대문역사문화공원역,서울특별시,중구,을지로,21319420.45,서울특별시,중구,을지로,16.68,의류잡화,"5,551,000",,
2호선,동대문역사문화공원역,서울특별시,중구,을지로,21319420.45,서울특별시,중구,을지로,32.5,카페,"7,718,394",,
4호선,동대문역사문화공원역,서울특별시,중구,을지로,21319420.45,서울특별시,중구,을지로,89,의류잡화,"8,100,000",,
2호선,동대문역사문화공원역,서울특별시,중구,을지로,21319420.45,서울특별시,중구,을지로,19.5,화장품,"8,176,000",,
4호선,동대문역사문화공원역,서울특별시,중구,을지로,21319420.45,서울특별시,중구,을지로,27.09,의류잡화,"12,776,200",,
2호선,동대문역사문화공원역,서울특별시,중구,을지로,21319420.45,서울특별시,중구,을지로,25.7,화장품,"13,621,600",,
2호선,동대문역사문화공원역,서울특별시,중구,을지로,21319420.45,서울특별시,중구,을지로,45.64,의류잡화,"17,200,000",,
3호선,동대입구역,서울특별시,중구,장충동2가,3023523.968,서울특별시,중구,동호로,16.8,소매업,"201,000",,
3호선,동대입구역,서울특별시,중구,장충동3가,3023523.968,서울특별시,중구,동호로,17.14,소매업,"250,000",,
3호선,동대입구역,서울특별시,중구,장충동4가,3023523.968,서울특별시,중구,동호로,16.68,편의점,"328,400",,
3호선,동대입구역,서울특별시,중구,장충동5가,3023523.968,서울특별시,중구,동호로,33.3,사무실,"429,000",,
3호선,동대입구역,서울특별시,중구,장충동6가,3023523.968,서울특별시,중구,동호로,33.46,의류잡화,"513,900",,
3호선,동대입구역,서울특별시,중구,장충동7가,3023523.968,서울특별시,중구,동호로,33.7,사무실,"521,300",,
3호선,동대입구역,서울특별시,중구,장충동8가,3023523.968,서울특별시,중구,동호로,17.04,편의점,"1,320,000",,
3호선,동대입구역,서울특별시,중구,장충동9가,3023523.968,서울특별시,중구,동호로,33.37,식품제과,"1,529,500",,
6호선,동묘앞역,서울특별시,종로구,숭인동,3363101.502,서울특별시,종로구,종로,45,소매업,"1,287,795",,
6호선,동묘앞역,서울특별시,종로구,숭인동,3363101.502,서울특별시,종로구,종로,26,소매업,"1,773,057",,
6호선,동묘앞역,서울특별시,종로구,숭인동,3363101.502,서울특별시,종로구,종로,30,화장품,"2,045,835",,
6호선,동묘앞역,서울특별시,종로구,숭인동,3363101.502,서울특별시,종로구,종로,33,소매업,"2,250,418",,
6호선,동묘앞역,서울특별시,종로구,숭인동,3363101.502,서울특별시,종로구,종로,33,소매업,"2,250,418",,
6호선,동묘앞역,서울특별시,종로구,숭인동,3363101.502,서울특별시,종로구,종로,43,소매업,"2,932,363",,
6호선,동묘앞역,서울특별시,종로구,숭인동,3363101.502,서울특별시,종로구,종로,50,소매업,"3,409,725",,
1호선,동묘앞역,서울특별시,종로구,숭인동,3363101.502,서울특별시,종로구,종로,17.7,식품제과,"6,933,900",,
6호선,동묘앞역,서울특별시,종로구,숭인동,3363101.502,서울특별시,종로구,종로,48,편의점,"6,967,649",,
4호선,동작역,서울특별시,동작구,동작동,1220794.783,서울특별시,동작구,현충로,10.75,식당,"420,000",,
4호선,동작역,서울특별시,동작구,동작동,1220794.783,서울특별시,동작구,현충로,16,식품제과,"3,704,000",,
4호선,동작역,서울특별시,동작구,동작동,1220794.783,서울특별시,동작구,현충로,20,편의점,"4,925,000",,
5호선,둔촌동역,서울특별시,강동구,둔촌동,2360703.99,서울특별시,강동구,양재대로,13.5,의류잡화,"2,710,000",,
5호선,둔촌동역,서울특별시,강동구,둔촌동,2360703.99,서울특별시,강동구,양재대로,28.71,의류잡화,"3,589,154",,
5호선,둔촌동역,서울특별시,강동구,둔촌동,2360703.99,서울특별시,강동구,양재대로,29,편의점,"5,386,990",,
6호선,디지털미디어시티역,서울특별시,은평구,수색동,2360701.811,서울특별시,은평구,수색로,30,화장품,"3,381,430",,
6호선,디지털미디어시티역,서울특별시,은평구,수색동,2360701.811,서울특별시,은평구,수색로,95.86,의료,"3,461,833",,
6호선,디지털미디어시티역,서울특별시,은평구,수색동,2360701.811,서울특별시,은평구,수색로,33,소매업,"3,613,684",,
6호선,디지털미디어시티역,서울특별시,은평구,수색동,2360701.811,서울특별시,은평구,수색로,212.39,의료,"4,255,000",,
6호선,디지털미디어시티역,서울특별시,은평구,수색동,2360701.811,서울특별시,은평구,수색로,40,카페,"4,508,573",,
6호선,디지털미디어시티역,서울특별시,은평구,수색동,2360701.811,서울특별시,은평구,수색로,55,소매업,"5,113,986",,
6호선,디지털미디어시티역,서울특별시,은평구,수색동,2360701.811,서울특별시,은평구,수색로,55,소매업,"5,113,986",,
6호선,디지털미디어시티역,서울특별시,은평구,수색동,2360701.811,서울특별시,은평구,수색로,33,편의점,"6,279,857",,
6호선,디지털미디어시티역,서울특별시,은평구,수색동,2360701.811,서울특별시,은평구,수색로,81,화장품,"8,869,952",,
2호선,뚝섬역,서울특별시,성동구,성수동1가,4035113.394,서울특별시,성동구,아차산로,14.23,의류잡화,"661,700",,
2호선,뚝섬역,서울특별시,성동구,성수동2가,4035113.394,서울특별시,성동구,아차산로,21.99,소매업,"1,166,700",,
2호선,뚝섬역,서울특별시,성동구,성수동3가,4035113.394,서울특별시,성동구,아차산로,25.17,의류잡화,"2,405,887",,
2호선,뚝섬역,서울특별시,성동구,성수동4가,4035113.394,서울특별시,성동구,아차산로,31.2,편의점,"4,279,000",,
7호선,뚝섬유원지역,서울특별시,광진구,자양동,3525110.801,서울특별시,광진구,능동로,29.89,편의점,"4,399,230",,
7호선,마들역,서울특별시,노원구,상계동,2248616.726,서울특별시,노원구,동일로,33,식품제과,"468,350",,
7호선,마들역,서울특별시,노원구,상계동,2248616.726,서울특별시,노원구,동일로,33,의류잡화,"470,000",,
7호선,마들역,서울특별시,노원구,상계동,2248616.726,서울특별시,노원구,동일로,33,소매업,"520,000",,
7호선,마들역,서울특별시,노원구,상계동,2248616.726,서울특별시,노원구,동일로,33,의류잡화,"533,330",,
7호선,마들역,서울특별시,노원구,상계동,2248616.726,서울특별시,노원구,동일로,33,의류잡화,"650,000",,
7호선,마들역,서울특별시,노원구,상계동,2248616.726,서울특별시,노원구,동일로,20,식품제과,"696,329",,
7호선,마들역,서울특별시,노원구,상계동,2248616.726,서울특별시,노원구,동일로,31,소매업,"1,047,282",,
7호선,마들역,서울특별시,노원구,상계동,2248616.726,서울특별시,노원구,동일로,33,소매업,"1,165,989",,
7호선,마들역,서울특별시,노원구,상계동,2248616.726,서울특별시,노원구,동일로,33,소매업,"1,165,989",,
7호선,마들역,서울특별시,노원구,상계동,2248616.726,서울특별시,노원구,동일로,35,소매업,"1,182,416",,
7호선,마들역,서울특별시,노원구,상계동,2248616.726,서울특별시,노원구,동일로,35,소매업,"1,182,416",,
7호선,마들역,서울특별시,노원구,상계동,2248616.726,서울특별시,노원구,동일로,36,소매업,"1,216,199",,
7호선,마들역,서울특별시,노원구,상계동,2248616.726,서울특별시,노원구,동일로,45,화장품,"1,487,705",,
7호선,마들역,서울특별시,노원구,상계동,2248616.726,서울특별시,노원구,동일로,45,식품제과,"1,487,705",,
7호선,마들역,서울특별시,노원구,상계동,2248616.726,서울특별시,노원구,동일로,45,소매업,"1,520,249",,
7호선,마들역,서울특별시,노원구,상계동,2248616.726,서울특별시,노원구,동일로,39,의류잡화,"2,500,000",,
7호선,마들역,서울특별시,노원구,상계동,2248616.726,서울특별시,노원구,동일로,534.92,사무실,"3,281,667",,
7호선,마들역,서울특별시,노원구,상계동,2248616.726,서울특별시,노원구,동일로,33.11,편의점,"3,423,530",,
5호선,마장역,서울특별시,성동구,마장동,3003478.818,서울특별시,성동구,마장로,30,편의점,"4,361,266",,
5호선,마천역,서울특별시,송파구,마천동,3003478.818,서울특별시,송파구,마천로,30,편의점,"4,234,853",,
6호선,마포구청역,서울특별시,마포구,성산동,3097465.989,서울특별시,마포구,월드컵로,35,사무실,"1,041,394",,
6호선,마포구청역,서울특별시,마포구,성산동,3097465.989,서울특별시,마포구,월드컵로,44,식품제과,"1,309,181",,
6호선,마포구청역,서울특별시,마포구,성산동,3097465.989,서울특별시,마포구,월드컵로,33,카페,"2,567,221",,
6호선,마포구청역,서울특별시,마포구,성산동,3097465.989,서울특별시,마포구,월드컵로,40,카페,"3,111,783",,
6호선,마포구청역,서울특별시,마포구,성산동,3097465.989,서울특별시,마포구,월드컵로,40,의류잡화,"3,720,020",,
6호선,마포구청역,서울특별시,마포구,성산동,3097465.989,서울특별시,마포구,월드컵로,51,의류잡화,"4,743,025",,
6호선,마포구청역,서울특별시,마포구,성산동,3097465.989,서울특별시,마포구,월드컵로,39,편의점,"8,887,786",,
5호선,마포역,서울특별시,마포구,도화동,5353863.504,서울특별시,마포구,마포대로,46.6,식품제과,"2,582,786",,
5호선,마포역,서울특별시,마포구,도화동,5353863.504,서울특별시,마포구,마포대로,41.13,소매업,"2,638,880",,
5호선,마포역,서울특별시,마포구,도화동,5353863.504,서울특별시,마포구,마포대로,17.43,화장품,"4,250,000",,
5호선,마포역,서울특별시,마포구,도화동,5353863.504,서울특별시,마포구,마포대로,29,편의점,"5,945,871",,
6호선,망원역,서울특별시,마포구,망원동,3874948.052,서울특별시,마포구,월드컵로,29,화장품,"2,486,148",,
6호선,망원역,서울특별시,마포구,망원동,3874948.052,서울특별시,마포구,월드컵로,39,식품제과,"3,343,440",,
6호선,망원역,서울특별시,마포구,망원동,3874948.052,서울특별시,마포구,월드컵로,50,의류잡화,"4,286,462",,
6호선,망원역,서울특별시,마포구,망원동,3874948.052,서울특별시,마포구,월드컵로,28,편의점,"7,733,234",,
3호선,매봉역,서울특별시,강남구,도곡동,6423487.039,서울특별시,강남구,남부순환로,9.41,식품제과,"251,020",,
3호선,매봉역,서울특별시,강남구,도곡동,6423487.039,서울특별시,강남구,남부순환로,15.77,식당,"2,360,800",,
3호선,매봉역,서울특별시,강남구,도곡동,6423487.039,서울특별시,강남구,남부순환로,16,편의점,"2,421,000",,
3호선,매봉역,서울특별시,강남구,도곡동,6423487.039,서울특별시,강남구,남부순환로,26,화장품,"3,030,000",,
7호선,먹골역,서울특별시,중랑구,묵동,2395940.664,서울특별시,중랑구,동일로,16,소매업,"862,869",,
7호선,먹골역,서울특별시,중랑구,묵동,2395940.664,서울특별시,중랑구,동일로,16,소매업,"862,869",,
7호선,먹골역,서울특별시,중랑구,묵동,2395940.664,서울특별시,중랑구,동일로,16,소매업,"862,869",,
7호선,먹골역,서울특별시,중랑구,묵동,2395940.664,서울특별시,중랑구,동일로,16,소매업,"862,869",,
7호선,먹골역,서울특별시,중랑구,묵동,2395940.664,서울특별시,중랑구,동일로,16,소매업,"862,869",,
7호선,먹골역,서울특별시,중랑구,묵동,2395940.664,서울특별시,중랑구,동일로,17,소매업,"916,798",,
7호선,먹골역,서울특별시,중랑구,묵동,2395940.664,서울특별시,중랑구,동일로,17,소매업,"916,798",,
7호선,먹골역,서울특별시,중랑구,묵동,2395940.664,서울특별시,중랑구,동일로,35,화장품,"1,789,895",,
7호선,먹골역,서울특별시,중랑구,묵동,2395940.664,서울특별시,중랑구,동일로,35,화장품,"1,789,895",,
7호선,먹골역,서울특별시,중랑구,묵동,2395940.664,서울특별시,중랑구,동일로,34,식품제과,"2,019,766",,
7호선,먹골역,서울특별시,중랑구,묵동,2395940.664,서울특별시,중랑구,동일로,50,소매업,"2,686,134",,
7호선,먹골역,서울특별시,중랑구,묵동,2395940.664,서울특별시,중랑구,동일로,48,의류잡화,"2,851,435",,
7호선,먹골역,서울특별시,중랑구,묵동,2395940.664,서울특별시,중랑구,동일로,57,카페,"2,885,528",,
7호선,먹골역,서울특별시,중랑구,묵동,2395940.664,서울특별시,중랑구,동일로,58,의류잡화,"2,936,151",,
7호선,먹골역,서울특별시,중랑구,묵동,2395940.664,서울특별시,중랑구,동일로,24.38,편의점,"5,328,730",,
7호선,면목역,서울특별시,중랑구,면목동,2333104.521,서울특별시,중랑구,면목로,29,의류잡화,"2,132,026",,
7호선,면목역,서울특별시,중랑구,면목동,2333104.521,서울특별시,중랑구,면목로,24,소매업,"2,928,300",,
7호선,면목역,서울특별시,중랑구,면목동,2333104.521,서울특별시,중랑구,면목로,45,소매업,"3,059,094",,
7호선,면목역,서울특별시,중랑구,면목동,2333104.521,서울특별시,중랑구,면목로,45,소매업,"3,059,094",,
7호선,면목역,서울특별시,중랑구,면목동,2333104.521,서울특별시,중랑구,면목로,36,카페,"4,392,449",,
7호선,면목역,서울특별시,중랑구,면목동,2333104.521,서울특별시,중랑구,면목로,52,화장품,"4,507,333",,
7호선,면목역,서울특별시,중랑구,면목동,2333104.521,서울특별시,중랑구,면목로,53,화장품,"4,594,013",,
7호선,면목역,서울특별시,중랑구,면목동,2333104.521,서울특별시,중랑구,면목로,42,소매업,"5,124,524",,
7호선,면목역,서울특별시,중랑구,면목동,2333104.521,서울특별시,중랑구,면목로,32,식당,"5,600,000",,
7호선,면목역,서울특별시,중랑구,면목동,2333104.521,서울특별시,중랑구,면목로,45.56,의류잡화,"8,706,792",,
7호선,면목역,서울특별시,중랑구,면목동,2333104.521,서울특별시,중랑구,면목로,36.08,편의점,"8,888,000",,
7호선,면목역,서울특별시,중랑구,면목동,2333104.521,서울특별시,중랑구,면목로,107,소매업,"9,274,705",,
4호선,명동역,서울특별시,중구,충무로2가,25555705.65,서울특별시,중구,퇴계로,26,카페,"17,711,479",,
5호선,명일역,서울특별시,강동구,명일동,3975409.598,서울특별시,강동구,양재대로,29.77,식품제과,"2,000,000",,
5호선,명일역,서울특별시,강동구,명일동,3975409.598,서울특별시,강동구,양재대로,44.27,의류잡화,"2,300,000",,
5호선,명일역,서울특별시,강동구,명일동,3975409.598,서울특별시,강동구,양재대로,30,편의점,"5,086,481",,
5호선,목동역,서울특별시,양천구,목동,6874782.444,서울특별시,양천구,오목로,23.69,화장품,"2,500,000",,
5호선,목동역,서울특별시,양천구,목동,6874782.444,서울특별시,양천구,오목로,31,의류잡화,"3,139,431",,
5호선,목동역,서울특별시,양천구,목동,6874782.444,서울특별시,양천구,오목로,22.8,의류잡화,"6,331,000",,
5호선,목동역,서울특별시,양천구,목동,6874782.444,서울특별시,양천구,오목로,26.42,식품제과,"6,918,660",,
5호선,목동역,서울특별시,양천구,목동,6874782.444,서울특별시,양천구,오목로,30,편의점,"7,015,950",,
5호선,목동역,서울특별시,양천구,목동,6874782.444,서울특별시,양천구,오목로,22.98,식품제과,"10,110,000",,
8호선,몽촌토성역,서울특별시,송파구,신천동,6484496.503,서울특별시,송파구,올림픽로,36,편의점,"7,487,918",,
2호선,문래역,서울특별시,영등포구,문래동3가,3552434.629,서울특별시,영등포구,당산로,17.83,식품제과,"2,133,300",,
2호선,문래역,서울특별시,영등포구,문래동4가,3552434.629,서울특별시,영등포구,당산로,42,카페,"3,853,705",,
2호선,문래역,서울특별시,영등포구,문래동5가,3552434.629,서울특별시,영등포구,당산로,28.29,화장품,"4,817,149",,
2호선,문래역,서울특별시,영등포구,문래동6가,3552434.629,서울특별시,영등포구,당산로,17,식품제과,"5,010,000",,
8호선,문정역,서울특별시,송파구,문정동,4522444.664,서울특별시,송파구,송파대로,30,편의점,"5,552,551",,
4호선,미아사거리역,서울특별시,강북구,미아동,2319034.385,서울특별시,강북구,도봉로,22.56,소매업,"1,290,010",,
4호선,미아사거리역,서울특별시,강북구,미아동,2319034.385,서울특별시,강북구,도봉로,17.24,식품제과,"1,500,100",,
4호선,미아사거리역,서울특별시,강북구,미아동,2319034.385,서울특별시,강북구,도봉로,17.06,의류잡화,"1,665,905",,
4호선,미아사거리역,서울특별시,강북구,미아동,2319034.385,서울특별시,강북구,도봉로,18.66,의류잡화,"2,010,000",,
4호선,미아사거리역,서울특별시,강북구,미아동,2319034.385,서울특별시,강북구,도봉로,24.02,의류잡화,"2,200,000",,
4호선,미아사거리역,서울특별시,강북구,미아동,2319034.385,서울특별시,강북구,도봉로,14.8,의류잡화,"2,600,000",,
4호선,미아사거리역,서울특별시,강북구,미아동,2319034.385,서울특별시,강북구,도봉로,12,식품제과,"3,010,000",,
4호선,미아사거리역,서울특별시,강북구,미아동,2319034.385,서울특별시,강북구,도봉로,33.94,의류잡화,"3,050,000",,
4호선,미아사거리역,서울특별시,강북구,미아동,2319034.385,서울특별시,강북구,도봉로,12,의류잡화,"3,101,473",,
4호선,미아사거리역,서울특별시,강북구,미아동,2319034.385,서울특별시,강북구,도봉로,16.88,화장품,"3,200,000",,
4호선,미아사거리역,서울특별시,강북구,미아동,2319034.385,서울특별시,강북구,도봉로,33.76,의류잡화,"3,666,600",,
4호선,미아사거리역,서울특별시,강북구,미아동,2319034.385,서울특별시,강북구,도봉로,29.03,의류잡화,"5,380,000",,
4호선,미아사거리역,서울특별시,강북구,미아동,2319034.385,서울특별시,강북구,도봉로,13.86,화장품,"8,296,151",,
4호선,미아사거리역,서울특별시,강북구,미아동,2319034.385,서울특별시,강북구,도봉로,31,식품제과,"8,350,000",,
4호선,미아사거리역,서울특별시,강북구,미아동,2319034.385,서울특별시,강북구,도봉로,44.4,의류잡화,"8,600,700",,
4호선,미아사거리역,서울특별시,강북구,미아동,2319034.385,서울특별시,강북구,도봉로,24,카페,"10,556,897",,
4호선,미아역,서울특별시,강북구,미아동,2319034.385,서울특별시,강북구,도봉로,16.46,의류잡화,"546,300",,
4호선,미아역,서울특별시,강북구,미아동,2319034.385,서울특별시,강북구,도봉로,17.9,의류잡화,"1,750,000",,
4호선,미아역,서울특별시,강북구,미아동,2319034.385,서울특별시,강북구,도봉로,17,화장품,"3,700,000",,
7호선,반포역,서울특별시,서초구,잠원동,7093313.531,서울특별시,서초구,신반포로,23.8,의류잡화,"1,816,660",,
7호선,반포역,서울특별시,서초구,잠원동,7093313.531,서울특별시,서초구,신반포로,40,의류잡화,"3,044,360",,
7호선,반포역,서울특별시,서초구,잠원동,7093313.531,서울특별시,서초구,신반포로,42,의류잡화,"3,549,416",,
7호선,반포역,서울특별시,서초구,잠원동,7093313.531,서울특별시,서초구,신반포로,30,식당,"3,610,784",,
7호선,반포역,서울특별시,서초구,잠원동,7093313.531,서울특별시,서초구,신반포로,43,카페,"3,633,926",,
7호선,반포역,서울특별시,서초구,잠원동,7093313.531,서울특별시,서초구,신반포로,40.36,편의점,"7,804,830",,
7호선,반포역,서울특별시,서초구,잠원동,7093313.531,서울특별시,서초구,신반포로,1260.58,소매업,"15,229,200",,
5호선,발산역,서울특별시,강서구,가양동,2813595.841,서울특별시,강서구,공항대로,27.08,식품제과,"3,120,000",,
5호선,발산역,서울특별시,강서구,가양동,2813595.841,서울특별시,강서구,공항대로,27.14,의류잡화,"3,250,000",,
5호선,발산역,서울특별시,강서구,가양동,2813595.841,서울특별시,강서구,공항대로,33,편의점,"6,711,005",,
5호선,발산역,서울특별시,강서구,가양동,2813595.841,서울특별시,강서구,공항대로,30,의류잡화,"8,000,000",,
2호선,방배역,서울특별시,서초구,방배동,5231113.104,서울특별시,서초구,방배로,20.43,식당,"856,080",,
2호선,방배역,서울특별시,서초구,방배동,5231113.104,서울특별시,서초구,방배로,18,식품제과,"980,000",,
2호선,방배역,서울특별시,서초구,방배동,5231113.104,서울특별시,서초구,방배로,19.43,의류잡화,"1,300,000",,
2호선,방배역,서울특별시,서초구,방배동,5231113.104,서울특별시,서초구,방배로,19.32,식품제과,"2,712,000",,
2호선,방배역,서울특별시,서초구,방배동,5231113.104,서울특별시,서초구,방배로,27,화장품,"5,558,775",,
5호선,방이역,서울특별시,송파구,방이동,5097320.65,서울특별시,송파구,양재대로,36.48,편의점,"5,832,764",,
5호선,방이역,서울특별시,송파구,방이동,5097320.65,서울특별시,송파구,양재대로,25.58,화장품,"12,418,618",,
5호선,방화역,서울특별시,강서구,방화동,2022212.487,서울특별시,강서구,금낭화로,19.65,의류잡화,"3,130,000",,
5호선,방화역,서울특별시,강서구,방화동,2022212.487,서울특별시,강서구,금낭화로,30,편의점,"4,817,020",,
5호선,방화역,서울특별시,강서구,방화동,2022212.487,서울특별시,강서구,금낭화로,40.53,화장품,"9,363,837",,
6호선,버티고개역,서울특별시,중구,신당동,3301641.362,서울특별시,중구,다산로,26,사무실,"924,030",,
6호선,버티고개역,서울특별시,중구,신당동,3301641.362,서울특별시,중구,다산로,52,소매업,"1,240,994",,
7호선,보라매역,서울특별시,동작구,대방동,2944496.107,서울특별시,동작구,상도로,32,식품제과,"3,755,629",,
7호선,보라매역,서울특별시,동작구,대방동,2944496.107,서울특별시,동작구,상도로,38,화장품,"4,345,959",,
7호선,보라매역,서울특별시,동작구,대방동,2944496.107,서울특별시,동작구,상도로,39,의류잡화,"4,460,326",,
7호선,보라매역,서울특별시,동작구,대방동,2944496.107,서울특별시,동작구,상도로,27.58,편의점,"5,673,250",,
6호선,보문역,서울특별시,성북구,보문동,3495549.333,서울특별시,성북구,보문로,14.1,의류잡화,"825,000",,
6호선,보문역,서울특별시,성북구,보문동,3495549.333,서울특별시,성북구,보문로,16,소매업,"2,264,273",,
6호선,보문역,서울특별시,성북구,보문동,3495549.333,서울특별시,성북구,보문로,24,식품제과,"2,823,885",,
6호선,보문역,서울특별시,성북구,보문동,3495549.333,서울특별시,성북구,보문로,36,의류잡화,"3,020,041",,
6호선,보문역,서울특별시,성북구,보문동,3495549.333,서울특별시,성북구,보문로,35,편의점,"7,083,036",,
6호선,보문역,서울특별시,성북구,보문동,3495549.333,서울특별시,성북구,보문로,43.35,화장품,"9,317,598",,
8호선,복정역,서울특별시,송파구,장지동,1411731.342,서울특별시,송파구,송파대로,50,편의점,"8,911,248",,
2호선,봉천역,서울툭별시,관악구,봉천동,2894106.435,서울특별시,관악구,남부순환로,17.61,의류잡화,"1,814,122",,
2호선,봉천역,서울툭별시,관악구,봉천동,2894106.435,서울특별시,관악구,남부순환로,27.81,카페,"5,330,218",,
6호선,봉화산역,서울특별시,중랑구,신내동,1342041.161,서울특별시,중랑구,신내로,87,소매업,"979,716",,
6호선,봉화산역,서울특별시,중랑구,신내동,1342041.161,서울특별시,중랑구,신내로,87,소매업,"979,716",,ㅋ
6호선,봉화산역,서울특별시,중랑구,신내동,1342041.161,서울특별시,중랑구,신내로,33,의류잡화,"2,045,595",,
6호선,봉화산역,서울특별시,중랑구,신내동,1342041.161,서울특별시,중랑구,신내로,33,의류잡화,"2,045,595",,
6호선,봉화산역,서울특별시,중랑구,신내동,1342041.161,서울특별시,중랑구,신내로,34,식품제과,"2,107,582",,
6호선,봉화산역,서울특별시,중랑구,신내동,1342041.161,서울특별시,중랑구,신내로,27,화장품,"2,255,664",,
6호선,봉화산역,서울특별시,중랑구,신내동,1342041.161,서울특별시,중랑구,신내로,47,편의점,"6,932,114",,
6호선,불광역,서울특별시,은평구,대조동,3220020.537,서울특별시,은평구,통일로,34,소매업,"600,661",,
3호선,불광역,서울특별시,은평구,대조동,3220020.537,서울특별시,은평구,통일로,13.03,사무실,"605,800",,
3호선,불광역,서울특별시,은평구,대조동,3220020.537,서울특별시,은평구,통일로,12.99,의류잡화,"684,100",,
3호선,불광역,서울특별시,은평구,대조동,3220020.537,서울특별시,은평구,통일로,13.02,의류잡화,"1,101,000",,
6호선,불광역,서울특별시,은평구,대조동,3220020.537,서울특별시,은평구,통일로,43,사무실,"1,243,887",,
6호선,불광역,서울특별시,은평구,대조동,3220020.537,서울특별시,은평구,통일로,30,편의점,"1,370,645",,
3호선,불광역,서울특별시,은평구,대조동,3220020.537,서울특별시,은평구,통일로,23,편의점,"1,470,300",,
3호선,불광역,서울특별시,은평구,대조동,3220020.537,서울특별시,은평구,통일로,39.05,식품제과,"1,545,800",,
6호선,불광역,서울특별시,은평구,대조동,3220020.537,서울특별시,은평구,통일로,46,카페,"1,824,918",,
6호선,불광역,서울특별시,은평구,대조동,3220020.537,서울특별시,은평구,통일로,47,소매업,"1,864,590",,
3호선,불광역,서울특별시,은평구,대조동,3220020.537,서울특별시,은평구,통일로,35,의류잡화,"3,247,300",,
3호선,불광역,서울특별시,은평구,대조동,3220020.537,서울특별시,은평구,통일로,18.81,화장품,"6,929,948",,
7호선,사가정역,서울특별시,중랑구,면목동,2333104.521,서울특별시,중랑구,사가정로,30,식품제과,"4,084,990",,
7호선,사가정역,서울특별시,중랑구,면목동,2333104.521,서울특별시,중랑구,사가정로,46,의류잡화,"5,431,983",,
7호선,사가정역,서울특별시,중랑구,면목동,2333104.521,서울특별시,중랑구,사가정로,58,화장품,"6,849,023",,
7호선,사가정역,서울특별시,중랑구,면목동,2333104.521,서울특별시,중랑구,사가정로,32.21,편의점,"8,459,000",,
7호선,사가정역,서울특별시,중랑구,면목동,2333104.521,서울특별시,중랑구,사가정로,63,식당,"8,578,480",,
7호선,사가정역,서울특별시,중랑구,면목동,2333104.521,서울특별시,중랑구,사가정로,112,소매업,"13,225,699",,
7호선,사가정역,서울특별시,중랑구,면목동,2333104.521,서울특별시,중랑구,사가정로,26.03,의류잡화,"15,254,726",,
2호선,사당역,서울특별시,동작구,사당동,3136414.651,서울특별시,동작구,남부순환로,11.45,의류잡화,"922,680",,
4호선,사당역,서울특별시,동작구,사당동,3136414.651,서울특별시,동작구,남부순환로,10,의류잡화,"1,260,350",,
4호선,사당역,서울특별시,동작구,사당동,3136414.651,서울특별시,동작구,남부순환로,12.75,편의점,"1,606,946",,
4호선,사당역,서울특별시,동작구,사당동,3136414.651,서울특별시,동작구,남부순환로,12.75,의류잡화,"1,606,946",,
4호선,사당역,서울특별시,동작구,사당동,3136414.651,서울특별시,동작구,남부순환로,13.5,소매업,"1,701,472",,
4호선,사당역,서울특별시,동작구,사당동,3136414.651,서울특별시,동작구,남부순환로,15,의류잡화,"1,890,525",,
4호선,사당역,서울특별시,동작구,사당동,3136414.651,서울특별시,동작구,남부순환로,15,화장품,"1,890,525",,
4호선,사당역,서울특별시,동작구,사당동,3136414.651,서울특별시,동작구,남부순환로,20,식품제과,"2,520,699",,
4호선,사당역,서울특별시,동작구,사당동,3136414.651,서울특별시,동작구,남부순환로,15.5,소매업,"2,685,100",,
4호선,사당역,서울특별시,동작구,사당동,3136414.651,서울특별시,동작구,남부순환로,31,의류잡화,"2,877,573",,
4호선,사당역,서울특별시,동작구,사당동,3136414.651,서울특별시,동작구,남부순환로,23.1,의류잡화,"2,911,408",,
4호선,사당역,서울특별시,동작구,사당동,3136414.651,서울특별시,동작구,남부순환로,15.5,의류잡화,"3,567,700",,
4호선,사당역,서울특별시,동작구,사당동,3136414.651,서울특별시,동작구,남부순환로,30.7,카페,"3,640,207",,
4호선,사당역,서울특별시,동작구,사당동,3136414.651,서울특별시,동작구,남부순환로,22,의류잡화,"3,710,000",,
4호선,사당역,서울특별시,동작구,사당동,3136414.651,서울특별시,동작구,남부순환로,30.7,의류잡화,"3,716,600",,
4호선,사당역,서울특별시,동작구,사당동,3136414.651,서울특별시,동작구,남부순환로,30.2,의류잡화,"4,288,400",,
4호선,사당역,서울특별시,동작구,사당동,3136414.651,서울특별시,동작구,남부순환로,30.7,화장품,"4,466,000",,
2호선,사당역,서울특별시,동작구,사당동,3136414.651,서울특별시,동작구,남부순환로,15.3,식품제과,"4,500,000",,
4호선,사당역,서울특별시,동작구,사당동,3136414.651,서울특별시,동작구,남부순환로,25.8,의류잡화,"4,500,000",,
4호선,사당역,서울특별시,동작구,사당동,3136414.651,서울특별시,동작구,남부순환로,30.7,의류잡화,"4,510,000",,
4호선,사당역,서울특별시,동작구,사당동,3136414.651,서울특별시,동작구,남부순환로,30.7,의류잡화,"4,533,800",,
4호선,사당역,서울특별시,동작구,사당동,3136414.651,서울특별시,동작구,남부순환로,30.7,의류잡화,"4,570,159",,
4호선,사당역,서울특별시,동작구,사당동,3136414.651,서울특별시,동작구,남부순환로,33.8,소매업,"5,673,300",,
2호선,사당역,서울특별시,동작구,사당동,3136414.651,서울특별시,동작구,남부순환로,22,의류잡화,"6,020,000",,
2호선,사당역,서울특별시,동작구,사당동,3136414.651,서울특별시,동작구,남부순환로,20.2,의류잡화,"6,091,880",,
4호선,사당역,서울특별시,동작구,사당동,3136414.651,서울특별시,동작구,남부순환로,31,식품제과,"6,217,300",,
4호선,사당역,서울특별시,동작구,사당동,3136414.651,서울특별시,동작구,남부순환로,29.4,소매업,"6,938,962",,
2호선,사당역,서울특별시,동작구,사당동,3136414.651,서울특별시,동작구,남부순환로,14.96,식품제과,"8,025,200",,
4호선,사당역,서울특별시,동작구,사당동,3136414.651,서울특별시,동작구,남부순환로,60,소매업,"8,033,100",,
2호선,사당역,서울특별시,동작구,사당동,3136414.651,서울특별시,동작구,남부순환로,12.84,식당,"8,196,400",,
4호선,사당역,서울특별시,동작구,사당동,3136414.651,서울특별시,동작구,남부순환로,24.8,카페,"8,399,436",,
4호선,사당역,서울특별시,동작구,사당동,3136414.651,서울특별시,동작구,남부순환로,92.1,의류잡화,"9,300,000",,
4호선,사당역,서울특별시,동작구,사당동,3136414.651,서울특별시,동작구,남부순환로,93,의류잡화,"9,501,000",,
4호선,사당역,서울특별시,동작구,사당동,3136414.651,서울특별시,동작구,남부순환로,62,화장품,"10,256,200",,
2호선,사당역,서울특별시,동작구,사당동,3136414.651,서울특별시,동작구,남부순환로,20.5,편의점,"11,830,200",,
2호선,사당역,서울특별시,동작구,사당동,3136414.651,서울특별시,동작구,남부순환로,26.4,화장품,"12,034,000",,
4호선,사당역,서울특별시,동작구,사당동,3136414.651,서울특별시,동작구,남부순환로,62.6,의류잡화,"12,800,200",,
2호선,사당역,서울특별시,동작구,사당동,3136414.651,서울특별시,동작구,남부순환로,65.5,의류잡화,"17,123,210",,
2호선,사당역,서울특별시,동작구,사당동,3136414.651,서울특별시,동작구,남부순환로,23,카페,"20,161,146",,
4호선,사당역,서울특별시,동작구,사당동,3136414.651,서울특별시,동작구,남부순환로,88,의류잡화,"22,032,375",,
2호선,사당역,서울특별시,동작구,사당동,3136414.651,서울특별시,동작구,남부순환로,57.72,화장품,"33,952,646",,
4호선,사당역,서울특별시,동작구,사당동,3136414.651,서울특별시,동작구,남부순환로,861,의류잡화,"68,407,100",,
4호선,사당역,서울특별시,동작구,사당동,3136414.651,서울특별시,동작구,남부순환로,408,의류잡화,"81,712,900",,
6호선,삼각지역,서울특별시,용산구,한강로1가,8743346.225,서울특별시,용산구,한강대로,30,소매업,"1,531,097",,
6호선,삼각지역,서울특별시,용산구,한강로2가,8743346.225,서울특별시,용산구,한강대로,258.2,사무실,"1,731,200",,
6호선,삼각지역,서울특별시,용산구,한강로3가,8743346.225,서울특별시,용산구,한강대로,26,소매업,"1,799,366",,
6호선,삼각지역,서울특별시,용산구,한강로4가,8743346.225,서울특별시,용산구,한강대로,38,소매업,"1,939,389",,
6호선,삼각지역,서울특별시,용산구,한강로5가,8743346.225,서울특별시,용산구,한강대로,40,화장품,"2,380,328",,
6호선,삼각지역,서울특별시,용산구,한강로6가,8743346.225,서울특별시,용산구,한강대로,46,식품제과,"2,737,377",,
6호선,삼각지역,서울특별시,용산구,한강로7가,8743346.225,서울특별시,용산구,한강대로,125,소매업,"3,577,208",,
6호선,삼각지역,서울특별시,용산구,한강로8가,8743346.225,서울특별시,용산구,한강대로,31.8,편의점,"6,767,033",,
2호선,삼성역,서울특별시,강남구,삼성동,9496628.221,서울특별시,강남구,테헤란로,37.83,화장품,"13,684,355",,
4호선,상계역,서울특별시,노원구,상계동,2248616.726,서울특별시,노원구,상계로,26.2,식품제과,"1,450,100",,
4호선,상계역,서울특별시,노원구,상계동,2248616.726,서울특별시,노원구,상계로,21.5,의류잡화,"2,050,000",,
4호선,상계역,서울특별시,노원구,상계동,2248616.726,서울특별시,노원구,상계로,21.5,의류잡화,"2,359,300",,
4호선,상계역,서울특별시,노원구,상계동,2248616.726,서울특별시,노원구,상계로,32.16,카페,"5,678,722",,
4호선,상계역,서울특별시,노원구,상계동,2248616.726,서울특별시,노원구,상계로,100,소매업,"7,410,300",,
7호선,상도역,서울특별시,동작구,상도1동,2661515.726,서울특별시,동작구,상도로,26,의류잡화,"2,678,076",,
7호선,상도역,서울특별시,동작구,상도2동,2661515.726,서울특별시,동작구,상도로,34,화장품,"3,228,114",,
7호선,상도역,서울특별시,동작구,상도3동,2661515.726,서울특별시,동작구,상도로,25.2,식품제과,"3,517,000",,
7호선,상도역,서울특별시,동작구,상도4동,2661515.726,서울특별시,동작구,상도로,50,의류잡화,"4,747,226",,
7호선,상도역,서울특별시,동작구,상도5동,2661515.726,서울특별시,동작구,상도로,112.57,편의점,"18,103,470",,
7호선,상봉역,서울특별시,중랑구,상봉동,2742454.278,서울특별시,중랑구,망우로,52,의류잡화,"3,169,638",,
7호선,상봉역,서울특별시,중랑구,상봉동,2742454.278,서울특별시,중랑구,망우로,53,의류잡화,"3,230,593",,
7호선,상봉역,서울특별시,중랑구,상봉동,2742454.278,서울특별시,중랑구,망우로,78,화장품,"4,754,458",,
7호선,상봉역,서울특별시,중랑구,상봉동,2742454.278,서울특별시,중랑구,망우로,74,소매업,"6,054,960",,
7호선,상봉역,서울특별시,중랑구,상봉동,2742454.278,서울특별시,중랑구,망우로,43.09,화장품,"9,654,037",,
7호선,상봉역,서울특별시,중랑구,상봉동,2742454.278,서울특별시,중랑구,망우로,60,의류잡화,"10,544,110",,
7호선,상봉역,서울특별시,중랑구,상봉동,2742454.278,서울특별시,중랑구,망우로,144,소매업,"12,095,043",,
7호선,상봉역,서울특별시,중랑구,상봉동,2742454.278,서울특별시,중랑구,망우로,45.48,편의점,"12,126,840",,
6호선,상수역,서울특별시,마포구,상수동,4997464.371,서울특별시,마포구,독막로,29,소매업,"2,725,594",,
6호선,상수역,서울특별시,마포구,상수동,4997464.371,서울특별시,마포구,독막로,33,의류잡화,"3,478,200",,
6호선,상수역,서울특별시,마포구,상수동,4997464.371,서울특별시,마포구,독막로,33,식품제과,"3,478,200",,
6호선,상수역,서울특별시,마포구,상수동,4997464.371,서울특별시,마포구,독막로,38,화장품,"3,571,468",,
6호선,상수역,서울특별시,마포구,상수동,4997464.371,서울특별시,마포구,독막로,41,의류잡화,"3,853,426",,
6호선,상수역,서울특별시,마포구,상수동,4997464.371,서울특별시,마포구,독막로,38,화장품,"3,957,296",,
6호선,상수역,서울특별시,마포구,상수동,4997464.371,서울특별시,마포구,독막로,35,편의점,"10,415,664",,
2호선,상왕십리역,서울특별시,성동구,하왕십리동,3171171.109,서울특별시,성동구,왕십리로,30,식품제과,"1,361,800",,
2호선,상왕십리역,서울특별시,성동구,하왕십리동,3171171.109,서울특별시,성동구,왕십리로,37,편의점,"6,161,600",,
2호선,상왕십리역,서울특별시,성동구,하왕십리동,3171171.109,서울특별시,성동구,왕십리로,30.6,화장품,"6,190,489",,
6호선,상월곡역,서울특별시,성북구,상월곡동,2256979.78,서울특별시,성북구,화랑로,62,소매업,"1,197,809",,
6호선,상월곡역,서울특별시,성북구,상월곡동,2256979.78,서울특별시,성북구,화랑로,39,소매업,"1,490,805",,
6호선,상월곡역,서울특별시,성북구,상월곡동,2256979.78,서울특별시,성북구,화랑로,40,소매업,"1,529,030",,
6호선,상월곡역,서울특별시,성북구,상월곡동,2256979.78,서울특별시,성북구,화랑로,47,카페,"1,548,970",,
6호선,상월곡역,서울특별시,성북구,상월곡동,2256979.78,서울특별시,성북구,화랑로,48,카페,"1,581,926",,
6호선,상월곡역,서울특별시,성북구,상월곡동,2256979.78,서울특별시,성북구,화랑로,160,소매업,"3,091,121",,
6호선,상월곡역,서울특별시,성북구,상월곡동,2256979.78,서울특별시,성북구,화랑로,38.4,편의점,"4,299,077",,
5호선,상일동역,서울특별시,강동구,상일동,2292801.794,서울특별시,강동구,고덕로,31.46,편의점,"5,759,577",,
5호선,상일동역,서울특별시,강동구,상일동,2292801.794,서울특별시,강동구,고덕로,17.92,의류잡화,"21,600,000",,
6호선,새절역,서울특별시,은평구,신사동,2263646.268,서울특별시,은평구,증산로,26,화장품,"1,907,408",,
6호선,새절역,서울특별시,은평구,신사동,2263646.268,서울특별시,은평구,증산로,39,소매업,"2,861,111",,
6호선,새절역,서울특별시,은평구,신사동,2263646.268,서울특별시,은평구,증산로,48,식품제과,"3,521,368",,
6호선,새절역,서울특별시,은평구,신사동,2263646.268,서울특별시,은평구,증산로,30.14,의류잡화,"3,865,545",,
6호선,새절역,서울특별시,은평구,신사동,2263646.268,서울특별시,은평구,증산로,43.6,식품제과,"4,846,428",,
6호선,새절역,서울특별시,은평구,신사동,2263646.268,서울특별시,은평구,증산로,100,소매업,"7,336,183",,
6호선,새절역,서울특별시,은평구,신사동,2263646.268,서울특별시,은평구,증산로,25,편의점,"8,914,678",,
5호선,서대문역,서울특별시,종로구,평동,6935797.619,서울특별시,종로구,통일로,8.25,소매업,"500,000",,
5호선,서대문역,서울특별시,종로구,평동,6935797.619,서울특별시,종로구,통일로,9.06,의류잡화,"550,000",,
5호선,서대문역,서울특별시,종로구,평동,6935797.619,서울특별시,종로구,통일로,9.05,식품제과,"600,000",,
5호선,서대문역,서울특별시,종로구,평동,6935797.619,서울특별시,종로구,통일로,10.5,의류잡화,"610,000",,
5호선,서대문역,서울특별시,종로구,평동,6935797.619,서울특별시,종로구,통일로,10.5,식당,"2,500,000",,
5호선,서대문역,서울특별시,종로구,평동,6935797.619,서울특별시,종로구,통일로,11.88,식품제과,"2,710,000",,
5호선,서대문역,서울특별시,종로구,평동,6935797.619,서울특별시,종로구,통일로,42.95,의류잡화,"5,021,000",,
5호선,서대문역,서울특별시,종로구,평동,6935797.619,서울특별시,종로구,통일로,30.32,편의점,"5,124,183",,
2호선,서울대입구역,서울특별시,관악구,봉천동,2894106.435,서울특별시,관악구,남부순환로,14,카페,"8,262,765",,
2호선,서울대입구역,서울특별시,관악구,봉천동,2894106.435,서울특별시,관악구,남부순환로,29.26,카페,"9,284,039",,
2호선,서울대입구역,서울특별시,관악구,봉천동,2894106.435,서울특별시,관악구,남부순환로,26.64,의류잡화,"12,222,200",,
4호선,서울역,서울특별시,중구,봉래동2가,8209890.323,서울특별시,중구,세종대로,14.5,소매업,"595,600",,
4호선,서울역,서울특별시,중구,봉래동3가,8209890.323,서울특별시,중구,세종대로,17.5,소매업,"666,700",,
4호선,서울역,서울특별시,중구,봉래동4가,8209890.323,서울특별시,중구,세종대로,32.3,의류잡화,"2,870,100",,
1호선,서울역,서울특별시,중구,봉래동5가,8209890.323,서울특별시,중구,세종대로,12,카페,"5,178,550",,
4호선,서울역,서울특별시,중구,봉래동6가,8209890.323,서울특별시,중구,세종대로,31.77,의류잡화,"9,000,000",,
1호선,서울역,서울특별시,중구,봉래동7가,8209890.323,서울특별시,중구,세종대로,41.3,화장품,"17,414,416",,
2호선,서초역,서울특별시,서초구,서초동,8977855.86,서울특별시,서초구,서초대로,17.8,의류잡화,"1,800,900",,
2호선,서초역,서울특별시,서초구,서초동,8977855.86,서울특별시,서초구,서초대로,21.82,의류잡화,"2,248,172",,
2호선,서초역,서울특별시,서초구,서초동,8977855.86,서울특별시,서초구,서초대로,16,의류잡화,"2,673,831",,
2호선,서초역,서울특별시,서초구,서초동,8977855.86,서울특별시,서초구,서초대로,20.6,카페,"3,172,280",,
2호선,서초역,서울특별시,서초구,서초동,8977855.86,서울특별시,서초구,서초대로,32.02,의류잡화,"5,225,000",,
2호선,서초역,서울특별시,서초구,서초동,8977855.86,서울특별시,서초구,서초대로,32.02,편의점,"11,337,700",,
6호선,석계역,서울특별시,노원구,월계동,1632532.3,서울특별시,노원구,화랑로,17,소매업,"547,971",,
6호선,석계역,서울특별시,노원구,월계동,1632532.3,서울특별시,노원구,화랑로,17,소매업,"547,971",,
6호선,석계역,서울특별시,노원구,월계동,1632532.3,서울특별시,노원구,화랑로,17,소매업,"547,971",,
6호선,석계역,서울특별시,노원구,월계동,1632532.3,서울특별시,노원구,화랑로,29,카페,"934,775",,
6호선,석계역,서울특별시,노원구,월계동,1632532.3,서울특별시,노원구,화랑로,33,소매업,"1,063,709",,
6호선,석계역,서울특별시,노원구,월계동,1632532.3,서울특별시,노원구,화랑로,30,소매업,"1,611,573",,
6호선,석계역,서울특별시,노원구,월계동,1632532.3,서울특별시,노원구,화랑로,63,소매업,"2,276,340",,
6호선,석계역,서울특별시,노원구,월계동,1632532.3,서울특별시,노원구,화랑로,64,소매업,"2,312,473",,
6호선,석계역,서울특별시,노원구,월계동,1632532.3,서울특별시,노원구,화랑로,72,식품제과,"2,439,836",,
6호선,석계역,서울특별시,노원구,월계동,1632532.3,서울특별시,노원구,화랑로,33,화장품,"2,591,581",,
6호선,석계역,서울특별시,노원구,월계동,1632532.3,서울특별시,노원구,화랑로,33,의류잡화,"2,591,581",,
6호선,석계역,서울특별시,노원구,월계동,1632532.3,서울특별시,노원구,화랑로,41,카페,"3,045,560",,
6호선,석계역,서울특별시,노원구,월계동,1632532.3,서울특별시,노원구,화랑로,41,카페,"3,045,560",,
6호선,석계역,서울특별시,노원구,월계동,1632532.3,서울특별시,노원구,화랑로,66,소매업,"3,545,460",,
6호선,석계역,서울특별시,노원구,월계동,1632532.3,서울특별시,노원구,화랑로,49,의류잡화,"3,848,104",,
6호선,석계역,서울특별시,노원구,월계동,1632532.3,서울특별시,노원구,화랑로,25.7,식품제과,"4,900,302",,
6호선,석계역,서울특별시,노원구,월계동,1632532.3,서울특별시,노원구,화랑로,110,소매업,"8,171,014",,
6호선,석계역,서울특별시,노원구,월계동,1632532.3,서울특별시,노원구,화랑로,58,편의점,"16,162,081",,
8호선,석촌역,서울특별시,송파구,석촌동,5404716.751,서울특별시,송파구,송파대로,30,소매업,"2,500,000",,
8호선,석촌역,서울특별시,송파구,석촌동,5404716.751,서울특별시,송파구,송파대로,38,편의점,"9,780,832",,
2호선,선릉역,서울특별시,강남구,삼성동,9496628.221,서울특별시,강남구,테헤란로,18.48,소매업,"3,558,605",,
2호선,선릉역,서울특별시,강남구,삼성동,9496628.221,서울특별시,강남구,테헤란로,19,소매업,"3,658,738",,
2호선,선릉역,서울특별시,강남구,삼성동,9496628.221,서울특별시,강남구,테헤란로,20,소매업,"3,851,304",,
2호선,선릉역,서울특별시,강남구,삼성동,9496628.221,서울특별시,강남구,테헤란로,20,소매업,"3,851,304",,
2호선,선릉역,서울특별시,강남구,삼성동,9496628.221,서울특별시,강남구,테헤란로,16,의류잡화,"4,567,000",,
2호선,선릉역,서울특별시,강남구,삼성동,9496628.221,서울특별시,강남구,테헤란로,24.1,소매업,"4,640,821",,
2호선,선릉역,서울특별시,강남구,삼성동,9496628.221,서울특별시,강남구,테헤란로,34.46,소매업,"6,635,797",,
2호선,선릉역,서울특별시,강남구,삼성동,9496628.221,서울특별시,강남구,테헤란로,19.48,의류잡화,"6,733,300",,
2호선,선릉역,서울특별시,강남구,삼성동,9496628.221,서울특별시,강남구,테헤란로,16,카페,"6,766,430",,
2호선,선릉역,서울특별시,강남구,삼성동,9496628.221,서울특별시,강남구,테헤란로,20.21,의류잡화,"8,286,429",,
2호선,선릉역,서울특별시,강남구,삼성동,9496628.221,서울특별시,강남구,테헤란로,13,카페,"8,923,786",,
2호선,선릉역,서울특별시,강남구,삼성동,9496628.221,서울특별시,강남구,테헤란로,18.3,소매업,"9,770,951",,
2호선,선릉역,서울특별시,강남구,삼성동,9496628.221,서울특별시,강남구,테헤란로,24.34,화장품,"10,550,000",,
2호선,선릉역,서울특별시,강남구,삼성동,9496628.221,서울특별시,강남구,테헤란로,38.03,화장품,"23,355,245",,
2호선,성수역,서울특별시,성동구,성수동2가,4035113.394,서울특별시,성동구,아차산로,32.76,식품제과,"550,000",,
2호선,성수역,서울특별시,성동구,성수동3가,4035113.394,서울특별시,성동구,아차산로,16.28,식품제과,"1,712,000",,
2호선,성수역,서울특별시,성동구,성수동4가,4035113.394,서울특별시,성동구,아차산로,21.3,의류잡화,"2,814,300",,
2호선,성수역,서울특별시,성동구,성수동5가,4035113.394,서울특별시,성동구,아차산로,22.8,식당,"4,800,000",,
2호선,성수역,서울특별시,성동구,성수동6가,4035113.394,서울특별시,성동구,아차산로,28.4,화장품,"8,183,257",,
4호선,성신여대입구역,서울특별시,성북구,동선동4가,5773085.106,서울특별시,성북구,동소문로,16.5,의류잡화,"1,160,379",,
4호선,성신여대입구역,서울특별시,성북구,동선동5가,3171398.122,서울특별시,성북구,동소문로,21.09,식품제과,"1,216,760",,
4호선,성신여대입구역,서울특별시,성북구,동선동6가,3171398.122,서울특별시,성북구,동소문로,19.7,식품제과,"1,609,300",,
4호선,성신여대입구역,서울특별시,성북구,동선동7가,3171398.122,서울특별시,성북구,동소문로,16,카페,"2,774,250",,
4호선,성신여대입구역,서울특별시,성북구,동선동8가,3171398.122,서울특별시,성북구,동소문로,30.8,카페,"4,458,833",,
4호선,성신여대입구역,서울특별시,성북구,동선동9가,3171398.122,서울특별시,성북구,동소문로,32.47,의류잡화,"4,630,000",,
5호선,송정역,서울특별시,강서구,공항동,2246579.703,서울특별시,강서구,공항대로,16.2,의류잡화,"1,051,000",,
5호선,송정역,서울특별시,강서구,공항동,2246579.703,서울특별시,강서구,공항대로,70.51,의류잡화,"2,300,000",,
5호선,송정역,서울특별시,강서구,공항동,2246579.703,서울특별시,강서구,공항대로,21.87,식품제과,"2,563,730",,
5호선,송정역,서울특별시,강서구,공항동,2246579.703,서울특별시,강서구,공항대로,42.37,편의점,"6,689,936",,
8호선,송파역,서울특별시,송파구,가락동,5233672.496,서울특별시,송파구,송파대로,27.15,식품제과,"1,712,000",,
8호선,송파역,서울특별시,송파구,가락동,5233672.496,서울특별시,송파구,송파대로,32.2,편의점,"5,517,976",,
7호선,수락산역,서울특별시,노원구,상계동,2248616.726,서울특별시,노원구,동일로,28,의류잡화,"1,102,142",,
7호선,수락산역,서울특별시,노원구,상계동,2248616.726,서울특별시,노원구,동일로,30,의류잡화,"1,180,866",,
7호선,수락산역,서울특별시,노원구,상계동,2248616.726,서울특별시,노원구,동일로,43,화장품,"1,572,628",,
7호선,수락산역,서울특별시,노원구,상계동,2248616.726,서울특별시,노원구,동일로,44,화장품,"1,609,201",,
7호선,수락산역,서울특별시,노원구,상계동,2248616.726,서울특별시,노원구,동일로,44,식품제과,"1,609,201",,
7호선,수락산역,서울특별시,노원구,상계동,2248616.726,서울특별시,노원구,동일로,40.08,화장품,"2,100,000",,
7호선,수락산역,서울특별시,노원구,상계동,2248616.726,서울특별시,노원구,동일로,100,소매업,"3,460,981",,
7호선,수락산역,서울특별시,노원구,상계동,2248616.726,서울특별시,노원구,동일로,37.88,편의점,"7,021,080",,
3호선,수서역,서울특별시,강남구,수서동,1862148.289,서울특별시,강남구,광평로,20.1,의류잡화,"722,870",,
3호선,수서역,서울특별시,강남구,수서동,1862148.289,서울특별시,강남구,광평로,20.1,편의점,"1,194,300",,
3호선,수서역,서울특별시,강남구,수서동,1862148.289,서울특별시,강남구,광평로,21,화장품,"1,720,000",,
3호선,수서역,서울특별시,강남구,수서동,1862148.289,서울특별시,강남구,광평로,38.9,카페,"1,849,771",,
3호선,수서역,서울특별시,강남구,수서동,1862148.289,서울특별시,강남구,광평로,21,의료,"2,640,000",,
3호선,수서역,서울특별시,강남구,수서동,1862148.289,서울특별시,강남구,광평로,28.28,소매업,"3,019,900",,
3호선,수서역,서울특별시,강남구,수서동,1862148.289,서울특별시,강남구,광평로,24,식품제과,"3,523,300",,
3호선,수서역,서울특별시,강남구,수서동,1862148.289,서울특별시,강남구,광평로,24,의류잡화,"7,302,800",,
3호선,수서역,서울특별시,강남구,수서동,1862148.289,서울특별시,강남구,광평로,27.54,화장품,"10,150,000",,
4호선,수유역,서울특별시,강북구,수유동,1895753.06,서울특별시,강북구,도봉로,18.43,의류잡화,"1,093,920",,
4호선,수유역,서울특별시,강북구,수유동,1895753.06,서울특별시,강북구,도봉로,18.67,의류잡화,"1,280,850",,
4호선,수유역,서울특별시,강북구,수유동,1895753.06,서울특별시,강북구,도봉로,13.4,의류잡화,"1,772,817",,
4호선,수유역,서울특별시,강북구,수유동,1895753.06,서울특별시,강북구,도봉로,12,의류잡화,"5,581,048",,
4호선,수유역,서울특별시,강북구,수유동,1895753.06,서울특별시,강북구,도봉로,23,편의점,"10,108,400",,
4호선,수유역,서울특별시,강북구,수유동,1895753.06,서울특별시,강북구,도봉로,22.42,식품제과,"12,021,600",,
4호선,숙대입구역,서울특별시,용산구,갈월동,6092637.514,서울특별시,용산구,한강대로,9.8,식품제과,"1,672,600",,
4호선,숙대입구역,서울특별시,용산구,갈월동,6092637.514,서울특별시,용산구,한강대로,24.7,화장품,"3,500,000",,
7호선,숭실대입구역,서울특별시,동작구,상도동,2661515.726,서울특별시,동작구,상도로,116,사무실,"1,127,100",,
7호선,숭실대입구역,서울특별시,동작구,상도동,2661515.726,서울특별시,동작구,상도로,42,소매업,"1,300,000",,
7호선,숭실대입구역,서울특별시,동작구,상도동,2661515.726,서울특별시,동작구,상도로,28,의류잡화,"2,473,310",,
7호선,숭실대입구역,서울특별시,동작구,상도동,2661515.726,서울특별시,동작구,상도로,30,화장품,"2,649,975",,
7호선,숭실대입구역,서울특별시,동작구,상도동,2661515.726,서울특별시,동작구,상도로,22.02,식품제과,"2,762,795",,
7호선,숭실대입구역,서울특별시,동작구,상도동,2661515.726,서울특별시,동작구,상도로,35.7,의류잡화,"3,000,000",,
7호선,숭실대입구역,서울특별시,동작구,상도동,2661515.726,서울특별시,동작구,상도로,39.29,편의점,"9,413,140",,
2호선,시청역,서울특별시,중구,정동,5900979.695,서울특별시,중구,세종대로,11.9,의류잡화,"530,500",,
2호선,시청역,서울특별시,중구,정동,5900979.695,서울특별시,중구,세종대로,11.9,소매업,"684,800",,
2호선,시청역,서울특별시,중구,정동,5900979.695,서울특별시,중구,세종대로,17.2,의류잡화,"850,000",,
2호선,시청역,서울특별시,중구,정동,5900979.695,서울특별시,중구,세종대로,14.6,의류잡화,"1,563,100",,
2호선,시청역,서울특별시,중구,정동,5900979.695,서울특별시,중구,세종대로,15.7,의류잡화,"1,780,900",,
2호선,시청역,서울특별시,중구,정동,5900979.695,서울특별시,중구,세종대로,14.6,의류잡화,"1,929,700",,
2호선,시청역,서울특별시,중구,정동,5900979.695,서울특별시,중구,세종대로,29.2,의류잡화,"3,110,000",,
1호선,시청역,서울특별시,중구,정동,5900979.695,서울특별시,중구,세종대로,25,카페,"6,164,224",,
5호선,신금호역,서울특별시,성동구,금호동2가,2887114.729,서울특별시,성동구,금호로,23.5,의류잡화,"1,700,000",,
5호선,신금호역,서울특별시,성동구,금호동3가,3194815.385,서울특별시,성동구,금호로,39.14,편의점,"5,585,481",,
5호선,신길역,서울특별시,영등포구,영등포동1가,3309538.462,서울특별시,영등포구,경인로,10,의류잡화,"7,800,000",,
5호선,신길역,서울특별시,영등포구,영등포동2가,4543015.827,서울특별시,영등포구,경인로,20,식품제과,"12,500,000",,
2호선,신당역,서울특별시,중구,신당동,3301641.362,서울특별시,중구,퇴계로,11,소매업,"850,000",,
6호선,신당역,서울특별시,중구,신당동,3301641.362,서울특별시,중구,퇴계로,26,식품제과,"993,870",,
6호선,신당역,서울특별시,중구,신당동,3301641.362,서울특별시,중구,퇴계로,30,화장품,"1,953,415",,
6호선,신당역,서울특별시,중구,신당동,3301641.362,서울특별시,중구,퇴계로,33,식당,"2,148,757",,
6호선,신당역,서울특별시,중구,신당동,3301641.362,서울특별시,중구,퇴계로,40,식당,"2,604,554",,
6호선,신당역,서울특별시,중구,신당동,3301641.362,서울특별시,중구,퇴계로,30,의류잡화,"3,780,000",,
6호선,신당역,서울특별시,중구,신당동,3301641.362,서울특별시,중구,퇴계로,34.1,식품제과,"3,922,883",,
6호선,신당역,서울특별시,중구,신당동,3301641.362,서울특별시,중구,퇴계로,40,편의점,"7,397,913",,
7호선,신대방삼거리역,서울특별시,동작구,대방동,2944496.107,서울특별시,동작구,상도로,27,화장품,"1,960,981",,
7호선,신대방삼거리역,서울특별시,동작구,대방동,2944496.107,서울특별시,동작구,상도로,43,사무실,"3,123,044",,
7호선,신대방삼거리역,서울특별시,동작구,대방동,2944496.107,서울특별시,동작구,상도로,43,사무실,"3,123,044",,
7호선,신대방삼거리역,서울특별시,동작구,대방동,2944496.107,서울특별시,동작구,상도로,42,화장품,"3,497,347",,
7호선,신대방삼거리역,서울특별시,동작구,대방동,2944496.107,서울특별시,동작구,상도로,42,식품제과,"3,497,347",,
7호선,신대방삼거리역,서울특별시,동작구,대방동,2944496.107,서울특별시,동작구,상도로,42,식품제과,"3,497,347",,
7호선,신대방삼거리역,서울특별시,동작구,대방동,2944496.107,서울특별시,동작구,상도로,49,사무실,"3,558,818",,
7호선,신대방삼거리역,서울특별시,동작구,대방동,2944496.107,서울특별시,동작구,상도로,61,식품제과,"4,575,313",,
7호선,신대방삼거리역,서울특별시,동작구,대방동,2944496.107,서울특별시,동작구,상도로,55,의류잡화,"5,040,118",,
7호선,신대방삼거리역,서울특별시,동작구,대방동,2944496.107,서울특별시,동작구,상도로,51.49,편의점,"11,169,180",,
2호선,신대방역,서울특별시,동작구,신대방동,2816656.399,서울특별시,동작구,대림로,24.9,의류잡화,"4,833,300",,
2호선,신대방역,서울특별시,동작구,신대방동,2816656.399,서울특별시,동작구,대림로,240.3,의류잡화,"25,547,700",,
2호선,신도림역,서울특별시,동작구,신대방동,2816656.399,서울특별시,동작구,대림로,27.4,의류잡화,"4,231,383",,
2호선,신도림역,서울특별시,동작구,신대방동,2816656.399,서울특별시,동작구,대림로,22.5,식품제과,"4,641,400",,
2호선,신도림역,서울특별시,동작구,신대방동,2816656.399,서울특별시,동작구,대림로,22.5,의류잡화,"5,652,200",,
2호선,신도림역,서울특별시,동작구,신대방동,2816656.399,서울특별시,동작구,대림로,44.6,식품제과,"7,512,000",,
2호선,신도림역,서울특별시,동작구,신대방동,2816656.399,서울특별시,동작구,대림로,12,카페,"7,891,508",,
2호선,신도림역,서울특별시,동작구,신대방동,2816656.399,서울특별시,동작구,대림로,25,편의점,"13,213,100",,
2호선,신도림역,서울특별시,동작구,신대방동,2816656.399,서울특별시,동작구,대림로,24.13,화장품,"13,500,000",,
2호선,신도림역,서울특별시,동작구,신대방동,2816656.399,서울특별시,동작구,대림로,85.5,의류잡화,"33,300,000",,
2호선,신림역,서울특별시,관악구,신림동,2817211.508,서울특별시,관악구,남부순환로,8,카페,"3,921,680",,
2호선,신림역,서울특별시,관악구,신림동,2817211.508,서울특별시,관악구,남부순환로,14,의류잡화,"5,010,000",,
2호선,신림역,서울특별시,관악구,신림동,2817211.508,서울특별시,관악구,남부순환로,13,식품제과,"5,783,900",,
2호선,신림역,서울특별시,관악구,신림동,2817211.508,서울특별시,관악구,남부순환로,16,식당,"7,527,000",,
2호선,신림역,서울특별시,관악구,신림동,2817211.508,서울특별시,관악구,남부순환로,15,카페,"13,764,794",,
3호선,신사역,서울특별시,강남구,신사동,10931272.6,서울특별시,강남구,도산대로,17.36,의류잡화,"887,470",,
3호선,신사역,서울특별시,강남구,신사동,10931272.6,서울특별시,강남구,도산대로,18.2,카페,"891,400",,
3호선,신사역,서울특별시,강남구,신사동,10931272.6,서울특별시,강남구,도산대로,23.7,의류잡화,"2,844,063",,
3호선,신사역,서울특별시,강남구,신사동,10931272.6,서울특별시,강남구,도산대로,23.7,의류잡화,"3,284,815",,
3호선,신사역,서울특별시,강남구,신사동,10931272.6,서울특별시,강남구,도산대로,23.7,의류잡화,"4,410,000",,
3호선,신사역,서울특별시,강남구,신사동,10931272.6,서울특별시,강남구,도산대로,23.7,소매업,"4,500,000",,
3호선,신사역,서울특별시,강남구,신사동,10931272.6,서울특별시,강남구,도산대로,16,카페,"5,190,960",,
3호선,신사역,서울특별시,강남구,신사동,10931272.6,서울특별시,강남구,도산대로,23.7,화장품,"5,561,000",,
3호선,신사역,서울특별시,강남구,신사동,10931272.6,서울특별시,강남구,도산대로,23.7,소매업,"6,483,300",,
3호선,신사역,서울특별시,강남구,신사동,10931272.6,서울특별시,강남구,도산대로,29.06,카페,"6,915,082",,
3호선,신사역,서울특별시,강남구,신사동,10931272.6,서울특별시,강남구,도산대로,25.39,의류잡화,"8,050,000",,
3호선,신사역,서울특별시,강남구,신사동,10931272.6,서울특별시,강남구,도산대로,47.4,의류잡화,"10,010,000",,
3호선,신사역,서울특별시,강남구,신사동,10931272.6,서울특별시,강남구,도산대로,31.3,편의점,"11,961,600",,
4호선,신용산역,서울특별시,용산구,한강로10가,8743346.225,서울특별시,용산구,한강대로,11.4,카페,"1,532,800",,
4호선,신용산역,서울특별시,용산구,한강로11가,8743346.225,서울특별시,용산구,한강대로,23.76,소매업,"1,600,000",,
4호선,신용산역,서울특별시,용산구,한강로12가,8743346.225,서울특별시,용산구,한강대로,16.95,식품제과,"2,617,800",,
4호선,신용산역,서울특별시,용산구,한강로2가,8743346.225,서울특별시,용산구,한강대로,17.5,소매업,"551,000",,
4호선,신용산역,서울특별시,용산구,한강로3가,8743346.225,서울특별시,용산구,한강대로,15.5,소매업,"631,000",,
4호선,신용산역,서울특별시,용산구,한강로4가,8743346.225,서울특별시,용산구,한강대로,15.3,소매업,"710,100",,
4호선,신용산역,서울특별시,용산구,한강로5가,8743346.225,서울특별시,용산구,한강대로,15.5,소매업,"716,500",,
4호선,신용산역,서울특별시,용산구,한강로6가,8743346.225,서울특별시,용산구,한강대로,15.3,식품제과,"802,000",,
4호선,신용산역,서울특별시,용산구,한강로7가,8743346.225,서울특별시,용산구,한강대로,15.5,편의점,"860,000",,
4호선,신용산역,서울특별시,용산구,한강로8가,8743346.225,서울특별시,용산구,한강대로,31,의류잡화,"1,410,800",,
4호선,신용산역,서울특별시,용산구,한강로9가,8743346.225,서울특별시,용산구,한강대로,17.8,식품제과,"1,500,000",,
2호선,신정네거리역,서울특별시,양천구,신정동,2479790.21,서울특별시,양천구,중앙로,42.45,카페,"2,589,402",,
5호선,신정역,서울특별시,양천구,신정동,2479790.21,서울특별시,양천구,오목로,24,편의점,"4,548,669",,
2호선,신촌역,서울특별시,마포구,노고산동,5640615.456,서울특별시,마포구,신촌로,9.8,의류잡화,"8,100,200",,
2호선,신촌역,서울특별시,마포구,노고산동,5640615.456,서울특별시,마포구,신촌로,21,의류잡화,"9,500,200",,
2호선,신촌역,서울특별시,마포구,노고산동,5640615.456,서울특별시,마포구,신촌로,13.2,식당,"12,000,200",,
2호선,신촌역,서울특별시,마포구,노고산동,5640615.456,서울특별시,마포구,신촌로,32,의류잡화,"18,300,200",,
2호선,신촌역,서울특별시,마포구,노고산동,5640615.456,서울특별시,마포구,신촌로,44.42,편의점,"18,581,100",,
2호선,신촌역,서울특별시,마포구,노고산동,5640615.456,서울특별시,마포구,신촌로,30.17,의류잡화,"19,000,000",,
2호선,신촌역,서울특별시,마포구,노고산동,5640615.456,서울특별시,마포구,신촌로,18,카페,"20,472,215",,
2호선,신촌역,서울특별시,마포구,노고산동,5640615.456,서울특별시,마포구,신촌로,33,화장품,"43,165,260",,
7호선,신풍역,서울특별시,영등포구,신길동,2771984.569,서울특별시,영등포구,신풍로,30,사무실,"2,556,993",,
7호선,신풍역,서울특별시,영등포구,신길동,2771985.569,서울특별시,영등포구,신풍로,30,화장품,"2,994,007",,
7호선,신풍역,서울특별시,영등포구,신길동,2771986.569,서울특별시,영등포구,신풍로,46,소매업,"3,702,113",,
7호선,신풍역,서울특별시,영등포구,신길동,2771987.569,서울특별시,영등포구,신풍로,47,화장품,"3,782,594",,
7호선,신풍역,서울특별시,영등포구,신길동,2771988.569,서울특별시,영등포구,신풍로,40,식품제과,"3,992,009",,
7호선,신풍역,서울특별시,영등포구,신길동,2771989.569,서울특별시,영등포구,신풍로,45,화장품,"4,491,010",,
7호선,신풍역,서울특별시,영등포구,신길동,2771990.569,서울특별시,영등포구,신풍로,45,화장품,"4,491,010",,
7호선,신풍역,서울특별시,영등포구,신길동,2771991.569,서울특별시,영등포구,신풍로,32.82,편의점,"6,953,210",,
4호선,쌍문역,서울특별시,도봉구,창동,2229813.359,서울특별시,도봉구,도봉로,18.48,의류잡화,"805,070",,
4호선,쌍문역,서울특별시,도봉구,창동,2229813.359,서울특별시,도봉구,도봉로,20.4,의류잡화,"1,222,397",,
4호선,쌍문역,서울특별시,도봉구,창동,2229813.359,서울특별시,도봉구,도봉로,16.55,의류잡화,"1,616,105",,
4호선,쌍문역,서울특별시,도봉구,창동,2229813.359,서울특별시,도봉구,도봉로,25.5,의류잡화,"1,650,000",,
4호선,쌍문역,서울특별시,도봉구,창동,2229813.359,서울특별시,도봉구,도봉로,25,의류잡화,"1,666,600",,
4호선,쌍문역,서울특별시,도봉구,창동,2229813.359,서울특별시,도봉구,도봉로,25,의류잡화,"2,002,000",,
4호선,쌍문역,서울특별시,도봉구,창동,2229813.359,서울특별시,도봉구,도봉로,20.5,의류잡화,"2,040,300",,
4호선,쌍문역,서울특별시,도봉구,창동,2229813.359,서울특별시,도봉구,도봉로,21,카페,"2,347,810",,
4호선,쌍문역,서울특별시,도봉구,창동,2229813.359,서울특별시,도봉구,도봉로,20.4,의류잡화,"2,550,000",,
4호선,쌍문역,서울특별시,도봉구,창동,2229813.359,서울특별시,도봉구,도봉로,41,의류잡화,"2,801,000",,
4호선,쌍문역,서울특별시,도봉구,창동,2229813.359,서울특별시,도봉구,도봉로,22.65,식당,"4,839,500",,
4호선,쌍문역,서울특별시,도봉구,창동,2229813.359,서울특별시,도봉구,도봉로,20,의류잡화,"5,107,700",,
4호선,쌍문역,서울특별시,도봉구,창동,2229813.359,서울특별시,도봉구,도봉로,21,식품제과,"5,513,000",,
4호선,쌍문역,서울특별시,도봉구,창동,2229813.359,서울특별시,도봉구,도봉로,20.95,화장품,"6,651,877",,
5호선,아차산역,서울특별시,광진구,능동,3091363.86,서울특별시,광진구,천호대로,19.6,식품제과,"2,000,000",,
5호선,아차산역,서울특별시,광진구,능동,3091363.86,서울특별시,광진구,천호대로,48.37,의류잡화,"3,556,078",,
5호선,아차산역,서울특별시,광진구,능동,3091363.86,서울특별시,광진구,천호대로,28.72,편의점,"5,882,664",,
5호선,아차산역,서울특별시,광진구,능동,3091363.86,서울특별시,광진구,천호대로,19.6,식품제과,"6,299,533",,
5호선,아차산역,서울특별시,광진구,능동,3091363.86,서울특별시,광진구,천호대로,31.21,화장품,"8,500,330",,
2호선,아현역,서울특별시,마포구,아현동,4583214.466,서울특별시,마포구,신촌로,24.05,편의점,"1,230,000",,
2호선,아현역,서울특별시,마포구,아현동,4583214.466,서울특별시,마포구,신촌로,25,카페,"1,749,716",,
2호선,아현역,서울특별시,마포구,아현동,4583214.466,서울특별시,마포구,신촌로,35.2,화장품,"2,626,349",,
3호선,안국역,서울특별시,종로구,안국동,5720937.037,서울특별시,종로구,율곡로,19.09,소매업,"611,000",,
3호선,안국역,서울특별시,종로구,안국동,5720937.037,서울특별시,종로구,율곡로,20.5,소매업,"631,200",,
3호선,안국역,서울특별시,종로구,안국동,5720937.037,서울특별시,종로구,율곡로,20.5,소매업,"653,800",,
3호선,안국역,서울특별시,종로구,안국동,5720937.037,서울특별시,종로구,율곡로,19.5,소매업,"742,300",,
3호선,안국역,서울특별시,종로구,안국동,5720937.037,서울특별시,종로구,율곡로,28.8,소매업,"795,400",,
3호선,안국역,서울특별시,종로구,안국동,5720937.037,서울특별시,종로구,율곡로,27.1,소매업,"810,500",,
3호선,안국역,서울특별시,종로구,안국동,5720937.037,서울특별시,종로구,율곡로,20.5,소매업,"827,400",,
3호선,안국역,서울특별시,종로구,안국동,5720937.037,서울특별시,종로구,율곡로,28.8,소매업,"930,000",,
3호선,안국역,서울특별시,종로구,안국동,5720937.037,서울특별시,종로구,율곡로,18.8,편의점,"1,301,600",,
3호선,안국역,서울특별시,종로구,안국동,5720937.037,서울특별시,종로구,율곡로,27.57,편의점,"1,480,000",,
3호선,안국역,서울특별시,종로구,안국동,5720937.037,서울특별시,종로구,율곡로,18.8,의류잡화,"4,222,200",,
6호선,안암역,서울특별시,성북구,안암동10가,2578702.066,서울특별시,성북구,인촌로,27,의류잡화,"5,131,205",,
6호선,안암역,서울특별시,성북구,안암동11가,2578702.066,서울특별시,성북구,인촌로,42.2,편의점,"14,660,052",,
6호선,안암역,서울특별시,성북구,안암동12가,2578702.066,서울특별시,성북구,인촌로,40.99,화장품,"15,628,019",,
6호선,안암역,서울특별시,성북구,안암동5가,2578702.066,서울특별시,성북구,인촌로,17,식당,"1,210,103",,
6호선,안암역,서울특별시,성북구,안암동6가,2578702.066,서울특별시,성북구,인촌로,31,식품제과,"2,136,200",,
6호선,안암역,서울특별시,성북구,안암동7가,2578702.066,서울특별시,성북구,인촌로,31,의류잡화,"2,136,200",,
6호선,안암역,서울특별시,성북구,안암동8가,2578702.066,서울특별시,성북구,인촌로,30,소매업,"4,528,547",,
6호선,안암역,서울특별시,성북구,안암동9가,2578702.066,서울특별시,성북구,인촌로,32,의류잡화,"4,628,416",,
8호선,암사역,서울특별시,강동구,암사동,2588074.526,서울특별시,강동구,올림픽로,46.46,식품제과,"7,620,400",,
8호선,암사역,서울특별시,강동구,암사동,2588074.526,서울특별시,강동구,올림픽로,35,편의점,"13,906,760",,
8호선,암사역,서울특별시,강동구,암사동,2588074.526,서울특별시,강동구,올림픽로,36.54,화장품,"14,971,057",,
3호선,압구정역,서울특별시,강남구,신사동,10931272.6,서울특별시,강남구,압구정로,12.3,카페,"7,212,907",,
3호선,압구정역,서울특별시,강남구,신사동,10931272.6,서울특별시,강남구,압구정로,37,편의점,"10,000,200",,
3호선,압구정역,서울특별시,강남구,신사동,10931272.6,서울특별시,강남구,압구정로,23.76,화장품,"20,412,826",,
5호선,애오개역,서울특별시,마포구,아현동,4583214.466,서울특별시,마포구,마포대로,32.2,편의점,"4,577,500",,
6호선,약수역,서울특별시,중구,신당동,3301641.362,서울특별시,중구,다산로,33,사무실,"1,305,771",,
6호선,약수역,서울특별시,중구,신당동,3301641.362,서울특별시,중구,다산로,46,사무실,"1,506,508",,
6호선,약수역,서울특별시,중구,신당동,3301641.362,서울특별시,중구,다산로,39,사무실,"1,543,184",,
6호선,약수역,서울특별시,중구,신당동,3301641.362,서울특별시,중구,다산로,85,사무실,"2,783,765",,
3호선,약수역,서울특별시,중구,신당동,3301641.362,서울특별시,중구,다산로,11.57,카페,"3,246,217",,
3호선,약수역,서울특별시,중구,신당동,3301641.362,서울특별시,중구,다산로,22.32,화장품,"5,217,168",,
6호선,약수역,서울특별시,중구,신당동,3301641.362,서울특별시,중구,다산로,77,편의점,"10,564,528",,
3호선,양재역,서울특별시,서초구,서초동,8977855.86,서울특별시,서초구,남부순환로,21,의류잡화,"4,112,735",,
3호선,양재역,서울특별시,서초구,서초동,8977855.86,서울특별시,서초구,남부순환로,27.2,소매업,"4,391,600",,
3호선,양재역,서울특별시,서초구,서초동,8977855.86,서울특별시,서초구,남부순환로,40,의류잡화,"6,033,000",,
3호선,양재역,서울특별시,서초구,서초동,8977855.86,서울특별시,서초구,남부순환로,44.88,의류잡화,"6,220,358",,
3호선,양재역,서울특별시,서초구,서초동,8977855.86,서울특별시,서초구,남부순환로,44.98,의류잡화,"7,468,411",,
3호선,양재역,서울특별시,서초구,서초동,8977855.86,서울특별시,서초구,남부순환로,51.92,의류잡화,"8,750,000",,
3호선,양재역,서울특별시,서초구,서초동,8977855.86,서울특별시,서초구,남부순환로,20,카페,"13,648,143",,
2호선,양천구청역,서울특별시,양천구,신정동,2479790.21,서울특별시,양천구,목동로,18.84,화장품,"1,535,500",,
2호선,양천구청역,서울특별시,양천구,신정동,2479790.21,서울특별시,양천구,목동로,26.04,카페,"1,740,107",,
7호선,어린이대공원역,서울특별시,광진구,화양동,4372646.939,서울특별시,광진구,능동로,22,식품제과,"3,091,121",,
7호선,어린이대공원역,서울특별시,광진구,화양동,4372646.939,서울특별시,광진구,능동로,60,카페,"3,527,101",,
7호선,어린이대공원역,서울특별시,광진구,화양동,4372646.939,서울특별시,광진구,능동로,70,화장품,"4,114,951",,
7호선,어린이대공원역,서울특별시,광진구,화양동,4372646.939,서울특별시,광진구,능동로,30,의류잡화,"4,215,165",,
7호선,어린이대공원역,서울특별시,광진구,화양동,4372646.939,서울특별시,광진구,능동로,37,의류잡화,"4,560,333",,
7호선,어린이대공원역,서울특별시,광진구,화양동,4372646.939,서울특별시,광진구,능동로,37,식품제과,"4,682,655",,
7호선,어린이대공원역,서울특별시,광진구,화양동,4372646.939,서울특별시,광진구,능동로,58,식당,"4,961,497",,
7호선,어린이대공원역,서울특별시,광진구,화양동,4372646.939,서울특별시,광진구,능동로,46,카페,"5,669,603",,
7호선,어린이대공원역,서울특별시,광진구,화양동,4372646.939,서울특별시,광진구,능동로,56,카페,"6,902,125",,
7호선,어린이대공원역,서울특별시,광진구,화양동,4372646.939,서울특별시,광진구,능동로,35.6,편의점,"11,109,670",,
5호선,여의나루역,서울특별시,영등포구,여의도동,6649393.536,서울특별시,영등포구,여의동로,33.39,편의점,"6,716,550",,
5호선,여의도역,서울특별시,영등포구,여의도동,6649393.536,서울특별시,영등포구,여의나루로,47,사무실,"920,040",,
5호선,여의도역,서울특별시,영등포구,여의도동,6649393.536,서울특별시,영등포구,여의나루로,23.65,의류잡화,"1,224,500",,
5호선,여의도역,서울특별시,영등포구,여의도동,6649393.536,서울특별시,영등포구,여의나루로,35.24,편의점,"9,929,005",,
2호선,역삼역,서울특별시,강남구,역삼동,9574575.456,서울특별시,강남구,테헤란로,20.08,의류잡화,"676,990",,
2호선,역삼역,서울특별시,강남구,역삼동,9574575.456,서울특별시,강남구,테헤란로,21.55,의류잡화,"708,300",,
2호선,역삼역,서울특별시,강남구,역삼동,9574575.456,서울특별시,강남구,테헤란로,26.4,의류잡화,"1,276,710",,
2호선,역삼역,서울특별시,강남구,역삼동,9574575.456,서울특별시,강남구,테헤란로,21,카페,"2,274,690",,
2호선,역삼역,서울특별시,강남구,역삼동,9574575.456,서울특별시,강남구,테헤란로,22.5,카페,"2,682,315",,
2호선,역삼역,서울특별시,강남구,역삼동,9574575.456,서울특별시,강남구,테헤란로,13,카페,"4,175,760",,
2호선,역삼역,서울특별시,강남구,역삼동,9574575.456,서울특별시,강남구,테헤란로,23.18,의류잡화,"5,020,000",,
2호선,역삼역,서울특별시,강남구,역삼동,9574575.456,서울특별시,강남구,테헤란로,25.8,식품제과,"6,271,900",,
2호선,역삼역,서울특별시,강남구,역삼동,9574575.456,서울특별시,강남구,테헤란로,52.32,의류잡화,"13,500,000",,
6호선,역촌역,서울특별시,은평구,녹번동,2564737.178,서울특별시,은평구,서오릉로,37,사무실,"1,246,160",,
6호선,역촌역,서울특별시,은평구,녹번동,2564737.178,서울특별시,은평구,서오릉로,37,사무실,"1,246,160",,
6호선,역촌역,서울특별시,은평구,녹번동,2564737.178,서울특별시,은평구,서오릉로,72,사무실,"2,424,959",,
6호선,역촌역,서울특별시,은평구,녹번동,2564737.178,서울특별시,은평구,서오릉로,31.5,편의점,"3,889,667",,
6호선,연신내역,서울특별시,은평구,갈현동,6092637.514,서울특별시,은평구,통일로,12,식품제과,"1,555,000",,
3호선,연신내역,서울특별시,은평구,갈현동,6092637.514,서울특별시,은평구,통일로,22,식품제과,"1,583,300",,
3호선,연신내역,서울특별시,은평구,갈현동,6092637.514,서울특별시,은평구,통일로,19.96,의류잡화,"1,715,000",,
3호선,연신내역,서울특별시,은평구,갈현동,6092637.514,서울특별시,은평구,통일로,38.88,의류잡화,"2,179,640",,
3호선,연신내역,서울특별시,은평구,갈현동,6092637.514,서울특별시,은평구,통일로,29.9,의류잡화,"2,565,000",,
6호선,연신내역,서울특별시,은평구,갈현동,6092637.514,서울특별시,은평구,통일로,18.32,식품제과,"2,684,183",,
3호선,연신내역,서울특별시,은평구,갈현동,6092637.514,서울특별시,은평구,통일로,33.7,소매업,"2,872,731",,
6호선,연신내역,서울특별시,은평구,갈현동,6092637.514,서울특별시,은평구,통일로,14.17,의류잡화,"3,550,000",,
3호선,연신내역,서울특별시,은평구,갈현동,6092637.514,서울특별시,은평구,통일로,20,카페,"4,743,799",,
3호선,연신내역,서울특별시,은평구,갈현동,6092637.514,서울특별시,은평구,통일로,38.3,카페,"7,330,574",,
6호선,연신내역,서울특별시,은평구,갈현동,6092637.514,서울특별시,은평구,통일로,35,화장품,"7,920,652",,
6호선,연신내역,서울특별시,은평구,갈현동,6092637.514,서울특별시,은평구,통일로,44,편의점,"11,916,787",,
5호선,영등포구청역,서울특별시,영등포구,당산동3가,3515569.136,서울특별시,영등포구,당산로,24.8,식품제과,"5,885,383",,
5호선,영등포구청역,서울특별시,영등포구,당산동4가,3515569.136,서울특별시,영등포구,당산로,34.33,편의점,"6,300,716",,
5호선,영등포구청역,서울특별시,영등포구,당산동5가,3515569.136,서울특별시,영등포구,당산로,313.4,의류잡화,"15,593,692",,
5호선,영등포시장역,서울특별시,영등포구,영등포동5가,6041813.097,서울특별시,영등포구,양산로,37.3,편의점,"6,361,705",,
5호선,오금역,서울특별시,송파구,오금동,4295677.71,서울특별시,송파구,오금로,27.38,편의점,"3,373,245",,
5호선,오목교역,서울특별시,양천구,목동,6874782.444,서울특별시,양천구,오목로,43.51,편의점,"12,003,739",,
5호선,오목교역,서울특별시,양천구,목동,2395940.664,서울특별시,양천구,오목로,49.91928468,소매업,"176,500,000",,
3호선,옥수역,서울특별시,성동구,옥수동,2427884.119,서울특별시,성동구,동호로,18.9,편의점,"837,200",,
3호선,옥수역,서울특별시,성동구,옥수동,2427884.119,서울특별시,성동구,동호로,11.6,식품제과,"2,260,000",,
3호선,옥수역,서울특별시,성동구,옥수동,2427884.119,서울특별시,성동구,동호로,41.64,화장품,"6,691,754",,
7호선,온수역,서울특별시,구로구,온수동,1662028.045,서울특별시,구로구,경인로3길,13.5,의류잡화,"2,500,000",,
7호선,온수역,서울특별시,구로구,온수동,1662028.045,서울특별시,구로구,경인로4길,27,카페,"3,171,601",,
7호선,온수역,서울특별시,구로구,온수동,1662028.045,서울특별시,구로구,경인로5길,27,카페,"3,171,601",,
7호선,온수역,서울특별시,구로구,온수동,1662028.045,서울특별시,구로구,경인로6길,23.1,의류잡화,"3,200,000",,
7호선,온수역,서울특별시,구로구,온수동,1662028.045,서울특별시,구로구,경인로7길,41,식품제과,"4,100,281",,
7호선,온수역,서울특별시,구로구,온수동,1662028.045,서울특별시,구로구,경인로8길,37,카페,"4,346,269",,
7호선,온수역,서울특별시,구로구,온수동,1662028.045,서울특별시,구로구,경인로9길,37,카페,"4,346,269",,
7호선,온수역,서울특별시,구로구,온수동,1662028.045,서울특별시,구로구,경인로10길,29.81,편의점,"5,686,010",,
7호선,온수역,서울특별시,구로구,온수동,1662028.045,서울특별시,구로구,경인로11길,35,카페,"5,843,375",,
7호선,온수역,서울특별시,구로구,온수동,1662028.045,서울특별시,구로구,경인로12길,60,의류잡화,"7,048,003",,
7호선,온수역,서울특별시,구로구,온수동,1662028.045,서울특별시,구로구,경인로13길,82,소매업,"10,470,965",,
5호선,올림픽공원역,서울특별시,송파구,방이동,5097320.65,서울특별시,송파구,양재대로,37.2,편의점,"5,832,764",,
5호선,왕십리역,서울특별시,성동구,행당동,3346570.027,서울특별시,성동구,왕십리로,50,사무실,"516,600",,
5호선,왕십리역,서울특별시,성동구,행당동,3346570.027,서울특별시,성동구,왕십리로,10.3,의류잡화,"650,000",,
2호선,왕십리역,서울특별시,성동구,행당동,3346570.027,서울특별시,성동구,왕십리로,12.35,소매업,"1,129,600",,
2호선,왕십리역,서울특별시,성동구,행당동,3346570.027,서울특별시,성동구,왕십리로,12.35,의류잡화,"1,538,900",,
5호선,왕십리역,서울특별시,성동구,행당동,3346570.027,서울특별시,성동구,왕십리로,84.48,의류잡화,"2,013,460",,
2호선,왕십리역,서울특별시,성동구,행당동,3346570.027,서울특별시,성동구,왕십리로,24.7,의류잡화,"2,101,000",,
2호선,왕십리역,서울특별시,성동구,행당동,3346570.027,서울특별시,성동구,왕십리로,24.5,의류잡화,"2,263,435",,
2호선,왕십리역,서울특별시,성동구,행당동,3346570.027,서울특별시,성동구,왕십리로,24.5,식품제과,"2,263,435",,
2호선,왕십리역,서울특별시,성동구,행당동,3346570.027,서울특별시,성동구,왕십리로,27.65,편의점,"2,554,448",,
5호선,왕십리역,서울특별시,성동구,행당동,3346570.027,서울특별시,성동구,왕십리로,53.7,소매업,"2,640,000",,
2호선,왕십리역,서울특별시,성동구,행당동,3346570.027,서울특별시,성동구,왕십리로,30.06,의류잡화,"2,777,096",,
5호선,왕십리역,서울특별시,성동구,행당동,3346570.027,서울특별시,성동구,왕십리로,53.7,의류잡화,"3,020,000",,
5호선,왕십리역,서울특별시,성동구,행당동,3346570.027,서울특별시,성동구,왕십리로,53.75,식당,"3,500,000",,
2호선,왕십리역,서울특별시,성동구,행당동,3346570.027,서울특별시,성동구,왕십리로,44.43,의류잡화,"4,104,670",,
2호선,왕십리역,서울특별시,성동구,행당동,3346570.027,서울특별시,성동구,왕십리로,19,식당,"4,211,100",,
5호선,왕십리역,서울특별시,성동구,행당동,3346570.027,서울특별시,성동구,왕십리로,40,편의점,"5,167,430",,
5호선,왕십리역,서울특별시,성동구,행당동,3346570.027,서울특별시,성동구,왕십리로,55.83,화장품,"5,514,788",,
5호선,왕십리역,서울특별시,성동구,행당동,3346570.027,서울특별시,성동구,왕십리로,37,의류잡화,"5,750,000",,
2호선,왕십리역,서울특별시,성동구,행당동,3346570.027,서울특별시,성동구,왕십리로,33.68,의류잡화,"5,760,100",,
5호선,왕십리역,서울특별시,성동구,행당동,3346570.027,서울특별시,성동구,왕십리로,37,식품제과,"6,511,000",,
5호선,왕십리역,서울특별시,성동구,행당동,3346570.027,서울특별시,성동구,왕십리로,73.57,식품제과,"9,105,000",,
7호선,용마산역,서울특별시,중랑구,면목동,2333104.521,서울특별시,중랑구,용마산로,35,의류잡화,"2,632,412",,
7호선,용마산역,서울특별시,중랑구,면목동,2333104.521,서울특별시,중랑구,용마산로,36,소매업,"2,707,623",,
7호선,용마산역,서울특별시,중랑구,면목동,2333104.521,서울특별시,중랑구,용마산로,58,사무실,"3,487,429",,
7호선,용마산역,서울특별시,중랑구,면목동,2333104.521,서울특별시,중랑구,용마산로,55,의류잡화,"3,488,875",,
7호선,용마산역,서울특별시,중랑구,면목동,2333104.521,서울특별시,중랑구,용마산로,55,화장품,"3,488,875",,
7호선,용마산역,서울특별시,중랑구,면목동,2333104.521,서울특별시,중랑구,용마산로,28.8,편의점,"5,239,850",,
7호선,용마산역,서울특별시,중랑구,면목동,2333104.521,서울특별시,중랑구,용마산로,66,식품제과,"5,666,297",,
5호선,우장산역,서울특별시,강서구,화곡동,2502497.467,서울특별시,강서구,강서로,19.84,의류잡화,"1,309,401",,
5호선,우장산역,서울특별시,강서구,화곡동,2502497.467,서울특별시,강서구,강서로,14.8,소매업,"2,100,000",,
5호선,우장산역,서울특별시,강서구,화곡동,2502497.467,서울특별시,강서구,강서로,19.88,의류잡화,"3,000,500",,
5호선,우장산역,서울특별시,강서구,화곡동,2502497.467,서울특별시,강서구,강서로,33,편의점,"6,729,856",,
5호선,우장산역,서울특별시,강서구,화곡동,2502497.467,서울특별시,강서구,강서로,44.8,화장품,"12,076,635",,
6호선,월곡역,서울특별시,성북구,하월곡동,2764936.4,서울특별시,성북구,월곡로,16,카페,"1,882,590",,
6호선,월곡역,서울특별시,성북구,하월곡동,2764936.4,서울특별시,성북구,월곡로,42,카페,"2,777,900",,
6호선,월곡역,서울특별시,성북구,하월곡동,2764936.4,서울특별시,성북구,월곡로,43,의류잡화,"2,844,041",,
6호선,월곡역,서울특별시,성북구,하월곡동,2764936.4,서울특별시,성북구,월곡로,27,식품제과,"3,400,715",,
6호선,월곡역,서울특별시,성북구,하월곡동,2764936.4,서울특별시,성북구,월곡로,30,화장품,"4,528,547",,
6호선,월곡역,서울특별시,성북구,하월곡동,2764936.4,서울특별시,성북구,월곡로,58,화장품,"9,048,484",,
6호선,월곡역,서울특별시,성북구,하월곡동,2764936.4,서울특별시,성북구,월곡로,35,편의점,"11,260,826",,
6호선,월드컵경기장역,서울특별시,마포구,성산동,3097465.989,서울특별시,마포구,월드컵로,33,소매업,"3,035,495",,
6호선,월드컵경기장역,서울특별시,마포구,성산동,3097465.989,서울특별시,마포구,월드컵로,43,편의점,"4,265,462",,
6호선,월드컵경기장역,서울특별시,마포구,성산동,3097465.989,서울특별시,마포구,월드컵로,62,소매업,"5,703,051",,
2호선,을지로3가역,서울특별시,중구,을지로10가,21319420.45,서울특별시,중구,을지로,13,소매업,"1,530,000",,
3호선,을지로3가역,서울특별시,중구,을지로11가,21319420.45,서울특별시,중구,을지로,10.2,의류잡화,"1,621,000",,
3호선,을지로3가역,서울특별시,중구,을지로12가,21319420.45,서울특별시,중구,을지로,26.4,의류잡화,"1,998,000",,
3호선,을지로3가역,서울특별시,중구,을지로13가,21319420.45,서울특별시,중구,을지로,20,의류잡화,"2,221,600",,
2호선,을지로3가역,서울특별시,중구,을지로3가,21319420.45,서울특별시,중구,을지로,13.5,소매업,"400,000",,
2호선,을지로3가역,서울특별시,중구,을지로4가,21319420.45,서울특별시,중구,을지로,16.2,의류잡화,"834,200",,
2호선,을지로3가역,서울특별시,중구,을지로5가,21319420.45,서울특별시,중구,을지로,11.5,서점,"872,300",,
3호선,을지로3가역,서울특별시,중구,을지로6가,21319420.45,서울특별시,중구,을지로,54.3,사무실,"1,031,800",,
2호선,을지로3가역,서울특별시,중구,을지로7가,21319420.45,서울특별시,중구,을지로,22.8,의류잡화,"1,265,600",,
2호선,을지로3가역,서울특별시,중구,을지로8가,21319420.45,서울특별시,중구,을지로,18.96,의류잡화,"1,364,680",,
2호선,을지로3가역,서울특별시,중구,을지로9가,21319420.45,서울특별시,중구,을지로,27.9,식당,"1,525,800",,
2호선,을지로4가역,서울특별시,중구,을지로10가,21319420.45,서울특별시,중구,을지로,22.84,소매업,"1,356,400",,
5호선,을지로4가역,서울특별시,중구,을지로11가,21319420.45,서울특별시,중구,을지로,16.8,의류잡화,"1,500,000",,
2호선,을지로4가역,서울특별시,중구,을지로12가,21319420.45,서울특별시,중구,을지로,38,카페,"2,143,653",,
5호선,을지로4가역,서울특별시,중구,을지로13가,21319420.45,서울특별시,중구,을지로,34.98,편의점,"5,063,194",,
2호선,을지로4가역,서울특별시,중구,을지로4가,21319420.45,서울특별시,중구,을지로,14.9,의류잡화,"635,200",,
2호선,을지로4가역,서울특별시,중구,을지로5가,21319420.45,서울특별시,중구,을지로,14.9,소매업,"660,000",,
2호선,을지로4가역,서울특별시,중구,을지로6가,21319420.45,서울특별시,중구,을지로,14.9,의류잡화,"663,900",,
2호선,을지로4가역,서울특별시,중구,을지로7가,21319420.45,서울특별시,중구,을지로,23.2,의류잡화,"705,000",,
5호선,을지로4가역,서울특별시,중구,을지로8가,21319420.45,서울특별시,중구,을지로,19.6,의류잡화,"799,000",,
5호선,을지로4가역,서울특별시,중구,을지로9가,21319420.45,서울특별시,중구,을지로,41.45,화장품,"950,000",,
2호선,을지로입구역,서울특별시,중구,을지로10가,21319420.45,서울특별시,중구,을지로,16.7,소매업,"14,403,100",,
2호선,을지로입구역,서울특별시,중구,을지로11가,21319420.45,서울특별시,중구,을지로,32.51,의류잡화,"15,111,000",,
2호선,을지로입구역,서울특별시,중구,을지로12가,21319420.45,서울특별시,중구,을지로,75.95,식품제과,"16,137,100",,
2호선,을지로입구역,서울특별시,중구,을지로13가,21319420.45,서울특별시,중구,을지로,33.9,화장품,"18,040,000",,
2호선,을지로입구역,서울특별시,중구,을지로14가,21319420.45,서울특별시,중구,을지로,180,소매업,"59,400,000",,
2호선,을지로입구역,서울특별시,중구,을지로1가,21319420.45,서울특별시,중구,을지로,19.97,의류잡화,"3,300,000",,
2호선,을지로입구역,서울특별시,중구,을지로2가,21319420.45,서울특별시,중구,을지로,17.6,식품제과,"4,503,660",,
2호선,을지로입구역,서울특별시,중구,을지로3가,21319420.45,서울특별시,중구,을지로,40,의류잡화,"6,723,839",,
2호선,을지로입구역,서울특별시,중구,을지로4가,21319420.45,서울특별시,중구,을지로,17.2,편의점,"7,153,000",,
2호선,을지로입구역,서울특별시,중구,을지로5가,21319420.45,서울특별시,중구,을지로,26.82,의류잡화,"7,711,100",,
2호선,을지로입구역,서울특별시,중구,을지로6가,21319420.45,서울특별시,중구,을지로,19.47,의류잡화,"11,408,319",,
2호선,을지로입구역,서울특별시,중구,을지로7가,21319420.45,서울특별시,중구,을지로,16,카페,"11,626,196",,
2호선,을지로입구역,서울특별시,중구,을지로8가,21319420.45,서울특별시,중구,을지로,16.7,소매업,"12,110,000",,
2호선,을지로입구역,서울특별시,중구,을지로9가,21319420.45,서울특별시,중구,을지로,17.2,소매업,"12,150,000",,
6호선,응암역,서울특별시,은평구,역촌동,2645725.401,서울특별시,은평구,증산로,15,의류잡화,"2,541,824",,
6호선,응암역,서울특별시,은평구,역촌동,2645725.401,서울특별시,은평구,증산로,30,의류잡화,"5,083,648",,
6호선,응암역,서울특별시,은평구,역촌동,2645725.401,서울특별시,은평구,증산로,31,화장품,"5,253,103",,
6호선,응암역,서울특별시,은평구,역촌동,2645725.401,서울특별시,은평구,증산로,34.64,식품제과,"5,701,434",,
6호선,응암역,서울특별시,은평구,역촌동,2645725.401,서울특별시,은평구,증산로,50,화장품,"8,472,747",,
6호선,응암역,서울특별시,은평구,역촌동,2645725.401,서울특별시,은평구,증산로,38.8,편의점,"16,641,024",,
2호선,이대역,서울특별시,마포구,염리동,3930956.323,서울특별시,마포구,신촌로,20,식품제과,"3,200,000",,
2호선,이대역,서울특별시,마포구,염리동,3930956.323,서울특별시,마포구,신촌로,14.6,의류잡화,"3,510,000",,
2호선,이대역,서울특별시,마포구,염리동,3930956.323,서울특별시,마포구,신촌로,33,의류잡화,"6,111,073",,
2호선,이대역,서울특별시,마포구,염리동,3930956.323,서울특별시,마포구,신촌로,14.5,의류잡화,"7,629,624",,
2호선,이대역,서울특별시,마포구,염리동,3930956.323,서울특별시,마포구,신촌로,21.13,의류잡화,"7,700,000",,
2호선,이대역,서울특별시,마포구,염리동,3930956.323,서울특별시,마포구,신촌로,27.66,의류잡화,"8,478,400",,
2호선,이대역,서울특별시,마포구,염리동,3930956.323,서울특별시,마포구,신촌로,13.51,화장품,"10,623,876",,
7호선,이수역,서울특별시,동작구,사당동,3136414.651,서울특별시,동작구,사당로,27.22,식품제과,"4,545,570",,
7호선,이수역,서울특별시,동작구,사당동,3136414.651,서울특별시,동작구,사당로,23,식품제과,"8,851,329",,
7호선,이수역,서울특별시,동작구,사당동,3136414.651,서울특별시,동작구,사당로,27,소매업,"8,873,231",,
7호선,이수역,서울특별시,동작구,사당동,3136414.651,서울특별시,동작구,사당로,24.01,의류잡화,"8,900,000",,
7호선,이수역,서울특별시,동작구,사당동,3136414.651,서울특별시,동작구,사당로,54.05,편의점,"11,355,960",,
7호선,이수역,서울특별시,동작구,사당동,3136414.651,서울특별시,동작구,사당로,25,의류잡화,"13,229,211",,
7호선,이수역,서울특별시,동작구,사당동,3136414.651,서울특별시,동작구,사당로,35,의류잡화,"13,469,414",,
7호선,이수역,서울특별시,동작구,사당동,3136414.651,서울특별시,동작구,사당로,51,카페,"14,689,848",,
7호선,이수역,서울특별시,동작구,사당동,3136414.651,서울특별시,동작구,사당로,51,식당,"14,689,848",,
7호선,이수역,서울특별시,동작구,사당동,3136414.651,서울특별시,동작구,사당로,45,의류잡화,"17,010,978",,
7호선,이수역,서울특별시,동작구,사당동,3136414.651,서울특별시,동작구,사당로,45,소매업,"17,010,978",,
7호선,이수역,서울특별시,동작구,사당동,3136414.651,서울특별시,동작구,사당로,35,의류잡화,"18,520,896",,
7호선,이수역,서울특별시,동작구,사당동,3136414.651,서울특별시,동작구,사당로,74,화장품,"21,498,166",,
7호선,이수역,서울특별시,동작구,사당동,3136414.651,서울특별시,동작구,사당로,64,의류잡화,"33,866,781",,
4호선,이촌역,서울특별시,용산구,용산동5가,2906416.903,서울특별시,용산구,서빙고로,22,의류잡화,"810,000",,
4호선,이촌역,서울특별시,용산구,용산동6가,2906416.903,서울특별시,용산구,서빙고로,19.3,카페,"1,375,427",,
6호선,이태원역,서울특별시,용산구,이태원동,5639129.588,서울특별시,용산구,이태원로,19,소매업,"3,650,937",,
6호선,이태원역,서울특별시,용산구,이태원동,5639129.588,서울특별시,용산구,이태원로,24,화장품,"4,511,328",,
6호선,이태원역,서울특별시,용산구,이태원동,5639129.588,서울특별시,용산구,이태원로,34,화장품,"6,533,256",,
6호선,이태원역,서울특별시,용산구,이태원동,5639129.588,서울특별시,용산구,이태원로,25,편의점,"11,524,939",,
3호선,일원역,서울특별시,강남구,일원동,3727237.621,서울특별시,강남구,일원로,51.7,사무실,"514,300",,
3호선,일원역,서울특별시,강남구,일원동,3727237.621,서울특별시,강남구,일원로,90,사무실,"645,000",,
3호선,일원역,서울특별시,강남구,일원동,3727237.621,서울특별시,강남구,일원로,46,편의점,"5,280,000",,
3호선,일원역,서울특별시,강남구,일원동,3727237.621,서울특별시,강남구,일원로,808,카페,"8,335,000",,
3호선,일원역,서울특별시,강남구,일원동,3727237.621,서울특별시,강남구,일원로,61.48,의료,"22,110,000",,
2호선,잠실나루역,서울특별시,송파구,신천동,6484496.503,서울특별시,송파구,오금로,24,의류잡화,"4,200,000",,
2호선,잠실나루역,서울특별시,송파구,신천동,6484496.503,서울특별시,송파구,오금로,27.54,의류잡화,"4,494,700",,
2호선,잠실나루역,서울특별시,송파구,신천동,6484496.503,서울특별시,송파구,오금로,25.62,식품제과,"4,510,000",,
2호선,잠실나루역,서울특별시,송파구,신천동,6484496.503,서울특별시,송파구,오금로,24.8,의류잡화,"7,249,891",,
2호선,잠실나루역,서울특별시,송파구,신천동,6484496.503,서울특별시,송파구,오금로,48.1,편의점,"7,311,700",,
2호선,잠실나루역,서울특별시,송파구,신천동,6484496.503,서울특별시,송파구,오금로,102.5,의료,"16,511,400",,
2호선,잠실새내역,서울특별시,송파구,잠실동,6502520.771,서울특별시,송파구,올림픽로,11,카페,"2,954,576",,
2호선,잠실새내역,서울특별시,송파구,잠실동,6502520.771,서울특별시,송파구,올림픽로,21,의류잡화,"3,459,700",,
2호선,잠실새내역,서울특별시,송파구,잠실동,6502520.771,서울특별시,송파구,올림픽로,23.2,카페,"7,944,919",,
2호선,잠실새내역,서울특별시,송파구,잠실동,6502520.771,서울특별시,송파구,올림픽로,26.5,의류잡화,"9,202,600",,
2호선,잠실역,서울특별시,송파구,잠실동,6502520.771,서울특별시,송파구,올림픽로,10.45,의류잡화,"2,225,800",,
2호선,잠실역,서울특별시,송파구,잠실동,6502520.771,서울특별시,송파구,올림픽로,10.45,식당,"2,230,000",,
2호선,잠실역,서울특별시,송파구,잠실동,6502520.771,서울특별시,송파구,올림픽로,10.38,카페,"4,243,747",,
2호선,잠실역,서울특별시,송파구,잠실동,6502520.771,서울특별시,송파구,올림픽로,20.82,의류잡화,"4,600,000",,
2호선,잠실역,서울특별시,송파구,잠실동,6502520.771,서울특별시,송파구,올림픽로,20.9,의류잡화,"5,010,000",,
2호선,잠실역,서울특별시,송파구,잠실동,6502520.771,서울특별시,송파구,올림픽로,34,의류잡화,"5,127,886",,
2호선,잠실역,서울특별시,송파구,잠실동,6502520.771,서울특별시,송파구,올림픽로,34,의류잡화,"5,127,886",,
2호선,잠실역,서울특별시,송파구,잠실동,6502520.771,서울특별시,송파구,올림픽로,36,의류잡화,"5,429,526",,
2호선,잠실역,서울특별시,송파구,잠실동,6502520.771,서울특별시,송파구,올림픽로,20.9,소매업,"7,010,000",,
2호선,잠실역,서울특별시,송파구,잠실동,6502520.771,서울특별시,송파구,올림픽로,12,식당,"7,933,100",,
2호선,잠실역,서울특별시,송파구,잠실동,6502520.771,서울특별시,송파구,올림픽로,14.2,카페,"9,839,300",,
2호선,잠실역,서울특별시,송파구,잠실동,6502520.771,서울특별시,송파구,올림픽로,14,식당,"10,000,000",,
2호선,잠실역,서울특별시,송파구,잠실동,6502520.771,서울특별시,송파구,올림픽로,15.5,화장품,"11,191,700",,
2호선,잠실역,서울특별시,송파구,잠실동,6502520.771,서울특별시,송파구,올림픽로,80,식품제과,"12,065,614",,
2호선,잠실역,서울특별시,송파구,잠실동,6502520.771,서울특별시,송파구,올림픽로,38,의류잡화,"15,846,779",,
2호선,잠실역,서울특별시,송파구,잠실동,6502520.771,서울특별시,송파구,올림픽로,124.91,화장품,"18,838,948",,
2호선,잠실역,서울특별시,송파구,잠실동,6502520.771,서울특별시,송파구,올림픽로,12,카페,"19,850,077",,
2호선,잠실역,서울특별시,송파구,잠실동,6502520.771,서울특별시,송파구,올림픽로,21.3,편의점,"21,738,300",,
2호선,잠실역,서울특별시,송파구,잠실동,6502520.771,서울특별시,송파구,올림픽로,31.2,화장품,"26,509,000",,
2호선,잠실역,서울특별시,송파구,잠실동,6502520.771,서울특별시,송파구,올림픽로,37.73,화장품,"29,027,319",,
8호선,잠실역,서울특별시,송파구,잠실동,6502520.771,서울특별시,송파구,올림픽로,31.4,화장품,"30,437,222",,
8호선,잠실역,서울특별시,송파구,잠실동,6502520.771,서울특별시,송파구,올림픽로,191,식당,"150,873,570",,
7호선,장승배기역,서울특별시,동작구,상도동,2661515.726,서울특별시,동작구,상도로,40,의류잡화,"3,764,720",,
7호선,장승배기역,서울특별시,동작구,상도동,2661515.726,서울특별시,동작구,상도로,38,의류잡화,"3,996,555",,
7호선,장승배기역,서울특별시,동작구,상도동,2661515.726,서울특별시,동작구,상도로,40,화장품,"4,206,900",,
7호선,장승배기역,서울특별시,동작구,상도동,2661515.726,서울특별시,동작구,상도로,40,화장품,"4,206,900",,
7호선,장승배기역,서울특별시,동작구,상도동,2661515.726,서울특별시,동작구,상도로,54,화장품,"5,082,373",,
7호선,장승배기역,서울특별시,동작구,상도동,2661515.726,서울특별시,동작구,상도로,60,식품제과,"5,758,659",,
7호선,장승배기역,서울특별시,동작구,상도동,2661515.726,서울특별시,동작구,상도로,36.18,편의점,"7,052,210",,
8호선,장지역,서울특별시,송파구,장지동,1411731.342,서울특별시,송파구,송파대로,12.85,식품제과,"4,100,000",,
8호선,장지역,서울특별시,송파구,장지동,1411731.342,서울특별시,송파구,송파대로,35.2,편의점,"11,392,786",,
5호선,장한평역,서울특별시,동대문구,장안동,2930447.85,서울특별시,동대문구,천호대로,31.9,의류잡화,"3,000,300",,
5호선,장한평역,서울특별시,동대문구,장안동,2930447.85,서울특별시,동대문구,천호대로,31.98,의류잡화,"3,022,000",,
5호선,장한평역,서울특별시,동대문구,장안동,2930447.85,서울특별시,동대문구,천호대로,24.5,의류잡화,"4,130,000",,
5호선,장한평역,서울특별시,동대문구,장안동,2930447.85,서울특별시,동대문구,천호대로,29.8,식품제과,"4,766,083",,
5호선,장한평역,서울특별시,동대문구,장안동,2930447.85,서울특별시,동대문구,천호대로,35.62,화장품,"9,500,160",,
5호선,장한평역,서울특별시,동대문구,장안동,2930447.85,서울특별시,동대문구,천호대로,52.8,편의점,"11,054,529",,
1호선,제기동역,서울특별시,동대문구,제기동,2880702.196,서울특별시,동대문구,왕산로,10.54,의류잡화,"734,550",,
1호선,제기동역,서울특별시,동대문구,제기동,2880702.196,서울특별시,동대문구,왕산로,10.54,식품제과,"791,990",,
1호선,제기동역,서울특별시,동대문구,제기동,2880702.196,서울특별시,동대문구,왕산로,19.3,의류잡화,"5,518,871",,
1호선,제기동역,서울특별시,동대문구,제기동,2880702.196,서울특별시,동대문구,왕산로,42.72,의류잡화,"6,603,344",,
1호선,종각역,서울특별시,종로구,종로10가,23658647.67,서울특별시,종로구,종로,29.62,편의점,"7,821,446",,
1호선,종각역,서울특별시,종로구,종로11가,23658647.67,서울특별시,종로구,종로,36.85,화장품,"20,734,494",,
1호선,종각역,서울특별시,종로구,종로1가,23658647.67,서울특별시,종로구,종로,16.15,의류잡화,"4,264,563",,
1호선,종각역,서울특별시,종로구,종로2가,23658647.67,서울특별시,종로구,종로,18.64,의류잡화,"4,529,968",,
1호선,종각역,서울특별시,종로구,종로3가,23658647.67,서울특별시,종로구,종로,19.14,식품제과,"5,054,101",,
1호선,종각역,서울특별시,종로구,종로4가,23658647.67,서울특별시,종로구,종로,11,카페,"5,482,596",,
1호선,종각역,서울특별시,종로구,종로5가,23658647.67,서울특별시,종로구,종로,21.82,의류잡화,"5,761,781",,
1호선,종각역,서울특별시,종로구,종로6가,23658647.67,서울특별시,종로구,종로,23.14,의류잡화,"6,110,340",,
1호선,종각역,서울특별시,종로구,종로7가,23658647.67,서울특별시,종로구,종로,12,카페,"6,454,632",,
1호선,종각역,서울특별시,종로구,종로8가,23658647.67,서울특별시,종로구,종로,29.3,편의점,"6,549,400",,
1호선,종각역,서울특별시,종로구,종로9가,23658647.67,서울특별시,종로구,종로,29.4,식품제과,"7,763,353",,
5호선,종로3가역,서울특별시,종로3가,종로3가,23658647.67,서울특별시,종로구,종로,21.4,카페,"1,360,000",,
1호선,종로3가역,서울특별시,종로4가,종로3가,23658647.67,서울특별시,종로구,종로,16.57,소매업,"1,893,760",,
1호선,종로3가역,서울특별시,종로5가,종로3가,23658647.67,서울특별시,종로구,종로,23.4,편의점,"2,260,000",,
3호선,종로3가역,서울특별시,종로6가,종로3가,23658647.67,서울특별시,종로구,종로,11,카페,"2,896,828",,
3호선,종로3가역,서울특별시,종로7가,종로3가,23658647.67,서울특별시,종로구,종로,15.4,의류잡화,"4,005,344",,
1호선,종로3가역,서울특별시,종로8가,종로3가,23658647.67,서울특별시,종로구,종로,26,소매업,"4,350,000",,
3호선,종로3가역,서울특별시,종로9가,종로3가,23658647.67,서울특별시,종로구,종로,20,소매업,"4,519,000",,
1호선,종로3가역,서울특별시,종로10가,종로3가,23658647.67,서울특별시,종로구,종로,17.6,식품제과,"4,600,000",,
3호선,종로3가역,서울특별시,종로11가,종로3가,23658647.67,서울특별시,종로구,종로,21,화장품,"5,510,000",,
1호선,종로3가역,서울특별시,종로12가,종로3가,23658647.67,서울특별시,종로구,종로,11.88,의류잡화,"7,204,294",,
3호선,종로3가역,서울특별시,종로13가,종로3가,23658647.67,서울특별시,종로구,종로,20,식당,"7,257,000",,
3호선,종로3가역,서울특별시,종로14가,종로3가,23658647.67,서울특별시,종로구,종로,19.5,식품제과,"8,499,900",,
5호선,종로3가역,서울특별시,종로15가,종로3가,23658647.67,서울특별시,종로구,종로,29.48,편의점,"8,575,050",,
1호선,종로3가역,서울특별시,종로16가,종로3가,23658647.67,서울특별시,종로구,종로,63.95,화장품,"11,673,679",,
3호선,종로3가역,서울특별시,종로17가,종로3가,23658647.67,서울특별시,종로구,종로,47,의류잡화,"20,300,000",,
1호선,종로5가역,서울특별시,종로구,종로5가,23658647.67,서울특별시,종로구,종로,14.11,의류잡화,"1,504,866",,
1호선,종로5가역,서울특별시,종로구,종로6가,23658647.67,서울특별시,종로구,종로,16.16,식품제과,"5,000,000",,
1호선,종로5가역,서울특별시,종로구,종로7가,23658647.67,서울특별시,종로구,종로,25.13,의류잡화,"5,510,000",,
1호선,종로5가역,서울특별시,종로구,종로8가,23658647.67,서울특별시,종로구,종로,13,의류잡화,"5,678,900",,
1호선,종로5가역,서울특별시,종로구,종로9가,23658647.67,서울특별시,종로구,종로,44.1,화장품,"14,923,307",,
2호선,종합운동장역,서울특별시,송파구,잠실동,6502520.771,서울특별시,송파구,올림픽로,25,카페,"3,047,745",,
2호선,종합운동장역,서울특별시,송파구,잠실동,6502520.771,서울특별시,송파구,올림픽로,25,카페,"3,706,904",,
2호선,종합운동장역,서울특별시,송파구,잠실동,6502520.771,서울특별시,송파구,올림픽로,53.2,소매업,"5,124,200",,
2호선,종합운동장역,서울특별시,송파구,잠실동,6502520.771,서울특별시,송파구,올림픽로,71.8,편의점,"7,535,000",,
2호선,종합운동장역,서울특별시,송파구,잠실동,6502520.771,서울특별시,송파구,올림픽로,31.1,편의점,"7,924,900",,
7호선,중계역,서울특별시,노원구,중계동,1726513.407,서울특별시,노원구,동일로,17,식품제과,"1,447,206",,
7호선,중계역,서울특별시,노원구,중계동,1726513.407,서울특별시,노원구,동일로,30,카페,"1,766,650",,
7호선,중계역,서울특별시,노원구,중계동,1726513.407,서울특별시,노원구,동일로,34,의류잡화,"2,002,203",,
7호선,중계역,서울특별시,노원구,중계동,1726513.407,서울특별시,노원구,동일로,41,화장품,"2,316,997",,
7호선,중계역,서울특별시,노원구,중계동,1726513.407,서울특별시,노원구,동일로,41,화장품,"2,414,421",,
7호선,중계역,서울특별시,노원구,중계동,1726513.407,서울특별시,노원구,동일로,50,카페,"2,851,435",,
7호선,중계역,서울특별시,노원구,중계동,1726513.407,서울특별시,노원구,동일로,59,의류잡화,"3,334,216",,
7호선,중계역,서울특별시,노원구,중계동,1726513.407,서울특별시,노원구,동일로,30.6,의류잡화,"3,386,837",,
7호선,중계역,서울특별시,노원구,중계동,1726513.407,서울특별시,노원구,동일로,32.91,편의점,"8,448,000",,
7호선,중곡역,서울특별시,광진구,중곡동,2709218.069,서울특별시,광진구,능동로,14,의류잡화,"976,306",,
7호선,중곡역,서울특별시,광진구,중곡동,2709218.069,서울특별시,광진구,능동로,46,의류잡화,"3,207,864",,
7호선,중곡역,서울특별시,광진구,중곡동,2709218.069,서울특별시,광진구,능동로,46.99,화장품,"3,210,000",,
7호선,중곡역,서울특별시,광진구,중곡동,2709218.069,서울특별시,광진구,능동로,35.16,편의점,"5,004,670",,
7호선,중화역,서울특별시,중랑구,중화동,2296269.486,서울특별시,중랑구,동일로,18,의류잡화,"1,880,087",,
7호선,중화역,서울특별시,중랑구,중화동,2296269.486,서울특별시,중랑구,동일로,30,소매업,"3,600,000",,
7호선,중화역,서울특별시,중랑구,중화동,2296269.486,서울특별시,중랑구,동일로,50,소매업,"3,894,895",,
7호선,중화역,서울특별시,중랑구,중화동,2296269.486,서울특별시,중랑구,동일로,39.02,의류잡화,"3,917,590",,
7호선,중화역,서울특별시,중랑구,중화동,2296269.486,서울특별시,중랑구,동일로,48,소매업,"4,145,738",,
7호선,중화역,서울특별시,중랑구,중화동,2296269.486,서울특별시,중랑구,동일로,44,화장품,"4,254,837",,
7호선,중화역,서울특별시,중랑구,중화동,2296269.486,서울특별시,중랑구,동일로,45,카페,"4,393,379",,
7호선,중화역,서울특별시,중랑구,중화동,2296269.486,서울특별시,중랑구,동일로,50,식당,"4,571,594",,
7호선,중화역,서울특별시,중랑구,중화동,2296269.486,서울특별시,중랑구,동일로,70,소매업,"5,452,853",,
7호선,중화역,서울특별시,중랑구,중화동,2296269.486,서울특별시,중랑구,동일로,29.7,편의점,"6,788,870",,
7호선,중화역,서울특별시,중랑구,중화동,2296269.486,서울특별시,중랑구,동일로,28.43,의류잡화,"13,013,482",,
6호선,증산역,서울특별시,은평구,증산동,2463259.781,서울특별시,은평구,증산로,29,화장품,"2,575,571",,
6호선,증산역,서울특별시,은평구,증산동,2463259.781,서울특별시,은평구,증산로,37,화장품,"3,286,074",,
6호선,증산역,서울특별시,은평구,증산동,2463259.781,서울특별시,은평구,증산로,31,의류잡화,"4,195,535",,
6호선,증산역,서울특별시,은평구,증산동,2463259.781,서울특별시,은평구,증산로,48,식품제과,"4,263,015",,
6호선,증산역,서울특별시,은평구,증산동,2463259.781,서울특별시,은평구,증산로,28,편의점,"7,956,050",,
4호선,창동역,서울특별시,도봉구,창동,2229813.359,서울특별시,도봉구,마들로,11,의류잡화,"5,139,200",,
4호선,창동역,서울특별시,도봉구,창동,2229813.359,서울특별시,도봉구,마들로,23,식품제과,"5,550,000",,
4호선,창동역,서울특별시,도봉구,창동,2229813.359,서울특별시,도봉구,마들로,58.5,의류잡화,"8,240,100",,
6호선,창신역,서울특별시,종로구,창신동,3498277.047,서울특별시,종로구,지봉로,34,소매업,"969,488",,
6호선,창신역,서울특별시,종로구,창신동,3498277.047,서울특별시,종로구,지봉로,34,소매업,"969,488",,
6호선,창신역,서울특별시,종로구,창신동,3498277.047,서울특별시,종로구,지봉로,34,소매업,"969,488",,
6호선,창신역,서울특별시,종로구,창신동,3498277.047,서울특별시,종로구,지봉로,34,소매업,"969,488",,
6호선,창신역,서울특별시,종로구,창신동,3498277.047,서울특별시,종로구,지봉로,28,편의점,"2,689,152",,
7호선,천왕역,서울특별시,구로구,오류동,2042716.275,서울특별시,구로구,오리로,900.39,사무실,"1,232,310",,
7호선,천왕역,서울특별시,구로구,오류동,2042716.275,서울특별시,구로구,오리로,36.93,편의점,"4,984,430",,
5호선,천호역,서울특별시,강동구,천호동,3836852.921,서울특별시,강동구,천호대로,210,의류잡화,"217,793,378",,
5호선,청구역,서울특별시,중구,신당동,3301641.362,서울특별시,중구,청구로,30,식품제과,"2,757,557",,
5호선,청구역,서울특별시,중구,신당동,3301641.362,서울특별시,중구,청구로,47.89,의류잡화,"4,490,383",,
5호선,청구역,서울특별시,중구,신당동,3301641.362,서울특별시,중구,청구로,46.33,편의점,"5,754,033",,
7호선,청담역,서울특별시,강남구,청담동,10202899.96,서울특별시,강남구,학동로,25,식품제과,"754,184",,
7호선,청담역,서울특별시,강남구,청담동,10202899.96,서울특별시,강남구,학동로,35.2,의류잡화,"1,070,550",,
7호선,청담역,서울특별시,강남구,청담동,10202899.96,서울특별시,강남구,학동로,45,카페,"1,357,531",,
7호선,청담역,서울특별시,강남구,청담동,10202899.96,서울특별시,강남구,학동로,54,의류잡화,"1,629,037",,
7호선,청담역,서울특별시,강남구,청담동,10202899.96,서울특별시,강남구,학동로,54,카페,"1,629,037",,
7호선,청담역,서울특별시,강남구,청담동,10202899.96,서울특별시,강남구,학동로,33,식품제과,"1,748,983",,
7호선,청담역,서울특별시,강남구,청담동,10202899.96,서울특별시,강남구,학동로,25,소매업,"1,787,312",,
7호선,청담역,서울특별시,강남구,청담동,10202899.96,서울특별시,강남구,학동로,52.9,소매업,"1,950,000",,
7호선,청담역,서울특별시,강남구,청담동,10202899.96,서울특별시,강남구,학동로,97.44,소매업,"2,819,712",,
7호선,청담역,서울특별시,강남구,청담동,10202899.96,서울특별시,강남구,학동로,81,사무실,"2,979,130",,
7호선,청담역,서울특별시,강남구,청담동,10202899.96,서울특별시,강남구,학동로,43,편의점,"3,074,177",,
7호선,청담역,서울특별시,강남구,청담동,10202899.96,서울특별시,강남구,학동로,43,화장품,"3,074,177",,
7호선,청담역,서울특별시,강남구,청담동,10202899.96,서울특별시,강남구,학동로,65.36,식품제과,"3,466,100",,
7호선,청담역,서울특별시,강남구,청담동,10202899.96,서울특별시,강남구,학동로,35,의류잡화,"4,505,474",,
7호선,청담역,서울특별시,강남구,청담동,10202899.96,서울특별시,강남구,학동로,55,화장품,"8,955,158",,
7호선,청담역,서울특별시,강남구,청담동,10202899.96,서울특별시,강남구,학동로,52.34,편의점,"13,420,000",,
1호선,청량리역,서울특별시,동대문구,전농동,2834303.313,서울특별시,동대문구,왕산로,11,카페,"3,934,400",,
4호선,총신대입구역,서울특별시,동작구,사당동,3136414.651,서울특별시,동작구,동작대로,16.3,사무실,"171,000",,
4호선,총신대입구역,서울특별시,동작구,사당동,3136414.651,서울특별시,동작구,동작대로,12.63,의류잡화,"411,690",,
4호선,총신대입구역,서울특별시,동작구,사당동,3136414.651,서울특별시,동작구,동작대로,11,소매업,"810,000",,
4호선,총신대입구역,서울특별시,동작구,사당동,3136414.651,서울특별시,동작구,동작대로,16.3,식품제과,"1,750,000",,
4호선,총신대입구역,서울특별시,동작구,사당동,3136414.651,서울특별시,동작구,동작대로,16.3,의류잡화,"1,805,000",,
4호선,총신대입구역,서울특별시,동작구,사당동,3136414.651,서울특별시,동작구,동작대로,31.4,식품제과,"3,335,300",,
4호선,총신대입구역,서울특별시,동작구,사당동,3136414.651,서울특별시,동작구,동작대로,21.4,카페,"3,440,245",,
4호선,총신대입구역,서울특별시,동작구,사당동,3136414.651,서울특별시,동작구,동작대로,32.6,소매업,"3,540,000",,
4호선,총신대입구역,서울특별시,동작구,사당동,3136414.651,서울특별시,동작구,동작대로,31.9,소매업,"4,276,900",,
4호선,총신대입구역,서울특별시,동작구,사당동,3136414.651,서울특별시,동작구,동작대로,12.32,식품제과,"5,512,000",,
4호선,총신대입구역,서울특별시,동작구,사당동,3136414.651,서울특별시,동작구,동작대로,36.34,소매업,"9,279,400",,
4호선,총신대입구역,서울특별시,동작구,사당동,3136414.651,서울특별시,동작구,동작대로,25.06,화장품,"12,319,353",,
4호선,충무로역,서울특별시,중구,필동2가,4992004.666,서울특별시,중구,퇴계로,21,카페,"3,657,259",,
4호선,충무로역,서울특별시,중구,필동3가,4992004.666,서울특별시,중구,퇴계로,17.57,의류잡화,"9,755,300",,
4호선,충무로역,서울특별시,중구,필동4가,4992004.666,서울특별시,중구,퇴계로,31.54,화장품,"14,422,228",,
2호선,충정로역,서울특별시,중구,필동5가,4992004.666,서울특별시,중구,퇴계로,20,식당,"3,000,000",,
5호선,충정로역,서울특별시,중구,필동6가,4992004.666,서울특별시,중구,퇴계로,45,편의점,"5,773,993",,
2호선,충정로역,서울특별시,중구,필동7가,4992004.666,서울특별시,중구,퇴계로,26.12,화장품,"8,207,922",,
7호선,태릉입구역,서울특별시,노원구,공릉동,1971704.187,서울특별시,노원구,동일로,20,의류잡화,"1,394,724",,
7호선,태릉입구역,서울특별시,노원구,공릉동,1971704.187,서울특별시,노원구,동일로,20,의류잡화,"1,394,724",,
6호선,태릉입구역,서울특별시,노원구,공릉동,1971704.187,서울특별시,노원구,동일로,33,의류잡화,"1,466,447",,
6호선,태릉입구역,서울특별시,노원구,공릉동,1971704.187,서울특별시,노원구,동일로,38,화장품,"1,884,427",,
6호선,태릉입구역,서울특별시,노원구,공릉동,1971704.187,서울특별시,노원구,동일로,39,카페,"1,934,017",,
6호선,태릉입구역,서울특별시,노원구,공릉동,1971704.187,서울특별시,노원구,동일로,39,의류잡화,"1,934,017",,
6호선,태릉입구역,서울특별시,노원구,공릉동,1971704.187,서울특별시,노원구,동일로,39,의류잡화,"1,934,017",,
7호선,태릉입구역,서울특별시,노원구,공릉동,1971704.187,서울특별시,노원구,동일로,31,소매업,"2,052,930",,
7호선,태릉입구역,서울특별시,노원구,공릉동,1971704.187,서울특별시,노원구,동일로,31,카페,"2,052,930",,
7호선,태릉입구역,서울특별시,노원구,공릉동,1971704.187,서울특별시,노원구,동일로,33,소매업,"2,141,056",,
7호선,태릉입구역,서울특별시,노원구,공릉동,1971704.187,서울특별시,노원구,동일로,33,소매업,"2,141,056",,
7호선,태릉입구역,서울특별시,노원구,공릉동,1971704.187,서울특별시,노원구,동일로,44,소매업,"2,827,466",,
7호선,태릉입구역,서울특별시,노원구,공릉동,1971704.187,서울특별시,노원구,동일로,45,의류잡화,"3,193,917",,
7호선,태릉입구역,서울특별시,노원구,공릉동,1971704.187,서울특별시,노원구,동일로,50,식품제과,"3,486,809",,
6호선,태릉입구역,서울특별시,노원구,공릉동,1971704.187,서울특별시,노원구,동일로,97,의류잡화,"4,310,464",,
7호선,태릉입구역,서울특별시,노원구,공릉동,1971704.187,서울특별시,노원구,동일로,37.14,편의점,"7,933,860",,
7호선,태릉입구역,서울특별시,노원구,공릉동,1971704.187,서울특별시,노원구,동일로,59,의류잡화,"8,630,000",,
7호선,태릉입구역,서울특별시,노원구,공릉동,1971704.187,서울특별시,노원구,동일로,59,의류잡화,"8,630,000",,
7호선,하계역,서울특별시,노원구,하계동,1546004.559,서울특별시,노원구,동일로,26,의류잡화,"2,108,615",,
7호선,하계역,서울특별시,노원구,하계동,1546004.559,서울특별시,노원구,동일로,32,의류잡화,"2,469,591",,
7호선,하계역,서울특별시,노원구,하계동,1546004.559,서울특별시,노원구,동일로,32,의류잡화,"2,469,591",,
7호선,하계역,서울특별시,노원구,하계동,1546004.559,서울특별시,노원구,동일로,32,화장품,"2,469,591",,
7호선,하계역,서울특별시,노원구,하계동,1546004.559,서울특별시,노원구,동일로,33,의류잡화,"2,546,765",,
7호선,하계역,서울특별시,노원구,하계동,1546004.559,서울특별시,노원구,동일로,33,식품제과,"2,730,869",,
7호선,하계역,서울특별시,노원구,하계동,1546004.559,서울특별시,노원구,동일로,47,화장품,"3,816,584",,
7호선,하계역,서울특별시,노원구,하계동,1546004.559,서울특별시,노원구,동일로,70,소매업,"5,677,041",,
7호선,하계역,서울특별시,노원구,하계동,1546004.559,서울특별시,노원구,동일로,55.01,식품제과,"5,790,000",,
7호선,하계역,서울특별시,노원구,하계동,1546004.559,서울특별시,노원구,동일로,36.57,화장품,"11,386,148",,
7호선,하계역,서울특별시,노원구,하계동,1546004.559,서울특별시,노원구,동일로,40.8,편의점,"12,512,500",,
7호선,학동역,서울특별시,강남구,논현동,7357435.828,서울특별시,강남구,학동로,16.4,의류잡화,"2,830,000",,
7호선,학동역,서울특별시,강남구,논현동,7357435.828,서울특별시,강남구,학동로,16,식당,"3,001,858",,
7호선,학동역,서울특별시,강남구,논현동,7357435.828,서울특별시,강남구,학동로,31.39,의류잡화,"3,539,231",,
7호선,학동역,서울특별시,강남구,논현동,7357435.828,서울특별시,강남구,학동로,21,화장품,"4,445,449",,
7호선,학동역,서울특별시,강남구,논현동,7357435.828,서울특별시,강남구,학동로,68.55,식품제과,"4,780,000",,
7호선,학동역,서울특별시,강남구,논현동,7357435.828,서울특별시,강남구,학동로,25,카페,"6,033,471",,
7호선,학동역,서울특별시,강남구,논현동,7357435.828,서울특별시,강남구,학동로,17.54,식품제과,"6,470,000",,
7호선,학동역,서울특별시,강남구,논현동,7357435.828,서울특별시,강남구,학동로,41,의류잡화,"8,679,210",,
7호선,학동역,서울특별시,강남구,논현동,7357435.828,서울특별시,강남구,학동로,41,화장품,"8,679,210",,
7호선,학동역,서울특별시,강남구,논현동,7357435.828,서울특별시,강남구,학동로,42,화장품,"8,890,898",,
7호선,학동역,서울특별시,강남구,논현동,7357435.828,서울특별시,강남구,학동로,44,식품제과,"10,241,610",,
7호선,학동역,서울특별시,강남구,논현동,7357435.828,서울특별시,강남구,학동로,51,식품제과,"12,308,280",,
7호선,학동역,서울특별시,강남구,논현동,7357435.828,서울특별시,강남구,학동로,55.45,편의점,"13,479,950",,
3호선,학여울역,서울특별시,강남구,대치동,8708890.535,서울특별시,강남구,남부순환로,3938.2,식당,"61,100,000",,
6호선,한강진역,서울특별시,용산구,한남동,5457571.773,서울특별시,용산구,이태원로,30,식당,"898,550",,
6호선,한강진역,서울특별시,용산구,한남동,5457571.773,서울특별시,용산구,이태원로,30,카페,"898,550",,
6호선,한강진역,서울특별시,용산구,한남동,5457571.773,서울특별시,용산구,이태원로,34,식당,"1,018,357",,
6호선,한강진역,서울특별시,용산구,한남동,5457571.773,서울특별시,용산구,이태원로,34,카페,"1,018,357",,
6호선,한강진역,서울특별시,용산구,한남동,5457571.773,서울특별시,용산구,이태원로,62,화장품,"1,857,003",,
6호선,한강진역,서울특별시,용산구,한남동,5457571.773,서울특별시,용산구,이태원로,40,편의점,"8,226,611",,
4호선,한성대입구역,서울특별시,성북구,삼선동1가,2460275.88,서울특별시,성북구,삼선교로,69.34,카페,"3,063,527",,
4호선,한성대입구역,서울특별시,성북구,삼선동2가,2460275.88,서울특별시,성북구,삼선교로,14.8,화장품,"3,318,253",,
2호선,한양대역,서울특별시,성동구,행당동,3346570.027,서울특별시,성동구,왕십리로,13.9,카페,"2,850,900",,
2호선,한양대역,서울특별시,성동구,행당동,3346570.027,서울특별시,성동구,왕십리로,18,편의점,"3,334,700",,
2호선,한양대역,서울특별시,성동구,행당동,3346570.027,서울특별시,성동구,왕십리로,90.1,의료,"4,900,000",,
2호선,합정역,서울특별시,마포구,서교동,6453438.315,서울특별시,마포구,양화로,27.49,식품제과,"1,669,170",,
2호선,합정역,서울특별시,마포구,서교동,6453438.315,서울특별시,마포구,양화로,29.89,편의점,"1,814,897",,
6호선,합정역,서울특별시,마포구,서교동,6453438.315,서울특별시,마포구,양화로,11.7,식당,"1,823,529",,
6호선,합정역,서울특별시,마포구,서교동,6453438.315,서울특별시,마포구,양화로,12.6,화장품,"1,986,274",,
2호선,합정역,서울특별시,마포구,서교동,6453438.315,서울특별시,마포구,양화로,42.23,의류잡화,"2,564,170",,
2호선,합정역,서울특별시,마포구,서교동,6453438.315,서울특별시,마포구,양화로,13.69,의류잡화,"3,167,200",,
2호선,합정역,서울특별시,마포구,서교동,6453438.315,서울특별시,마포구,양화로,13.65,의류잡화,"3,270,000",,
2호선,합정역,서울특별시,마포구,서교동,6453438.315,서울특별시,마포구,양화로,60.05,의류잡화,"3,646,187",,
2호선,합정역,서울특별시,마포구,서교동,6453438.315,서울특별시,마포구,양화로,13.69,식당,"4,210,000",,
2호선,합정역,서울특별시,마포구,서교동,6453438.315,서울특별시,마포구,양화로,18.47,의류잡화,"4,440,000",,
6호선,합정역,서울특별시,마포구,서교동,6453438.315,서울특별시,마포구,양화로,50,의류잡화,"4,494,109",,
6호선,합정역,서울특별시,마포구,서교동,6453438.315,서울특별시,마포구,양화로,42.41,의류잡화,"4,510,330",,
6호선,합정역,서울특별시,마포구,서교동,6453438.315,서울특별시,마포구,양화로,38.16,식품제과,"5,073,604",,
2호선,합정역,서울특별시,마포구,서교동,6453438.315,서울특별시,마포구,양화로,38.05,편의점,"6,020,100",,
2호선,합정역,서울특별시,마포구,서교동,6453438.315,서울특별시,마포구,양화로,17.6,식당,"6,137,300",,
2호선,합정역,서울특별시,마포구,서교동,6453438.315,서울특별시,마포구,양화로,26.59,화장품,"6,256,411",,
2호선,합정역,서울특별시,마포구,서교동,6453438.315,서울특별시,마포구,양화로,30.74,의류잡화,"6,359,500",,
6호선,합정역,서울특별시,마포구,서교동,6453438.315,서울특별시,마포구,양화로,75,소매업,"6,741,164",,
6호선,합정역,서울특별시,마포구,서교동,6453438.315,서울특별시,마포구,양화로,58,식품제과,"6,766,992",,
6호선,합정역,서울특별시,마포구,서교동,6453438.315,서울특별시,마포구,양화로,33.2,의류잡화,"6,791,851",,
6호선,합정역,서울특별시,마포구,서교동,6453438.315,서울특별시,마포구,양화로,60,식품제과,"6,947,262",,
2호선,합정역,서울특별시,마포구,서교동,6453438.315,서울특별시,마포구,양화로,31.41,의류잡화,"8,010,000",,
6호선,합정역,서울특별시,마포구,서교동,6453438.315,서울특별시,마포구,양화로,42.2,의류잡화,"8,057,669",,
6호선,합정역,서울특별시,마포구,서교동,6453438.315,서울특별시,마포구,양화로,33.9,의류잡화,"10,300,000",,
6호선,합정역,서울특별시,마포구,서교동,6453438.315,서울특별시,마포구,양화로,15.8,식품제과,"13,110,000",,
6호선,합정역,서울특별시,마포구,서교동,6453438.315,서울특별시,마포구,양화로,90.4,의류잡화,"14,505,111",,
6호선,합정역,서울특별시,마포구,서교동,6453438.315,서울특별시,마포구,양화로,45,편의점,"19,812,605",,
5호선,행당역,서울특별시,성동구,행당동,3346570.027,서울특별시,성동구,행당로,41.46,편의점,"6,615,641",,
4호선,혜화역,서울특별시,종로구,명륜4가,6180326.613,서울특별시,종로구,대학로,20,카페,"8,756,376",,
4호선,혜화역,서울특별시,종로구,명륜5가,6180326.613,서울특별시,종로구,대학로,17.46,의류잡화,"9,500,000",,
2호선,홍대입구역,서울특별시,마포구,동교동,6923444.206,서울특별시,마포구,양화로,17.11,의류잡화,"2,359,876",,
2호선,홍대입구역,서울특별시,마포구,동교동,6923444.206,서울특별시,마포구,양화로,23.1,의류잡화,"3,186,040",,
2호선,홍대입구역,서울특별시,마포구,동교동,6923444.206,서울특별시,마포구,양화로,28.02,의류잡화,"3,864,625",,
2호선,홍대입구역,서울특별시,마포구,동교동,6923444.206,서울특별시,마포구,양화로,32.73,의류잡화,"4,514,246",,
2호선,홍대입구역,서울특별시,마포구,동교동,6923444.206,서울특별시,마포구,양화로,33,식품제과,"4,551,486",,
2호선,홍대입구역,서울특별시,마포구,동교동,6923444.206,서울특별시,마포구,양화로,34.76,의류잡화,"4,794,232",,
2호선,홍대입구역,서울특별시,마포구,동교동,6923444.206,서울특별시,마포구,양화로,12,화장품,"7,833,710",,
2호선,홍대입구역,서울특별시,마포구,동교동,6923444.206,서울특별시,마포구,양화로,31,소매업,"12,083,300",,
3호선,홍제역,서울특별시,서대문구,홍제동,2451409.514,서울특별시,서대문구,통일로,14.41,의류잡화,"324,900",,
3호선,홍제역,서울특별시,서대문구,홍제동,2451409.514,서울특별시,서대문구,통일로,14.41,의류잡화,"367,000",,
3호선,홍제역,서울특별시,서대문구,홍제동,2451409.514,서울특별시,서대문구,통일로,14.41,의류잡화,"434,700",,
3호선,홍제역,서울특별시,서대문구,홍제동,2451409.514,서울특별시,서대문구,통일로,14.41,의류잡화,"434,700",,
3호선,홍제역,서울특별시,서대문구,홍제동,2451409.514,서울특별시,서대문구,통일로,14.41,의류잡화,"518,000",,
3호선,홍제역,서울특별시,서대문구,홍제동,2451409.514,서울특별시,서대문구,통일로,14.41,소매업,"550,000",,
3호선,홍제역,서울특별시,서대문구,홍제동,2451409.514,서울특별시,서대문구,통일로,15.52,카페,"2,231,248",,
3호선,홍제역,서울특별시,서대문구,홍제동,2451409.514,서울특별시,서대문구,통일로,1351,소매업,"55,185,100",,
5호선,화곡역,서울특별시,강서구,화곡동,2502497.467,서울특별시,강서구,화곡로,15.48,화장품,"4,000,330",,
5호선,화곡역,서울특별시,강서구,화곡동,2502497.467,서울특별시,강서구,화곡로,18.29,화장품,"4,500,330",,
5호선,화곡역,서울특별시,강서구,화곡동,2502497.467,서울특별시,강서구,화곡로,67.04,식품제과,"8,269,500",,
5호선,화곡역,서울특별시,강서구,화곡동,2502497.467,서울특별시,강서구,화곡로,30,편의점,"9,956,727",,
5호선,화곡역,서울특별시,강서구,화곡동,2502497.467,서울특별시,강서구,화곡로,39.17,의류잡화,"11,457,440",,
5호선,화곡역,서울특별시,강서구,화곡동,2502497.467,서울특별시,강서구,화곡로,27,화장품,"15,335,580",,
5호선,화곡역,서울특별시,강서구,화곡동,2502497.467,서울특별시,강서구,화곡로,101.16,의류잡화,"16,073,607",,
6호선,화랑대역,서울특별시,노원구,공릉동,1971704.187,서울특별시,노원구,화랑로,28,식품제과,"2,053,502",,
6호선,화랑대역,서울특별시,노원구,공릉동,1971704.187,서울특별시,노원구,화랑로,30,의류잡화,"2,200,181",,
6호선,화랑대역,서울특별시,노원구,공릉동,1971704.187,서울특별시,노원구,화랑로,35,카페,"2,325,056",,
6호선,화랑대역,서울특별시,노원구,공릉동,1971704.187,서울특별시,노원구,화랑로,50,화장품,"3,666,969",,
6호선,화랑대역,서울특별시,노원구,공릉동,1971704.187,서울특별시,노원구,화랑로,30,편의점,"7,478,862",,
6호선,화랑대역,서울특별시,노원구,공릉동,1971704.187,서울특별시,노원구,화랑로,34.6,화장품,"10,609,653",,
4호선,회현역,서울특별시,중구,남창동,15227164.85,서울특별시,중구,퇴계로,30,카페,"1,233,658",,
4호선,회현역,서울특별시,중구,남창동,15227164.85,서울특별시,중구,퇴계로,81.7,의류잡화,"8,161,384",,
6호선,효창공원앞역,서울특별시,용산구,효창동,4199961.196,서울특별시,용산구,백범로,31,소매업,"1,995,281",,
6호선,효창공원앞역,서울특별시,용산구,효창동,4199961.196,서울특별시,용산구,백범로,31,의류잡화,"1,995,281",,
6호선,효창공원앞역,서울특별시,용산구,효창동,4199961.196,서울특별시,용산구,백범로,33,의류잡화,"2,124,009",,
6호선,효창공원앞역,서울특별시,용산구,효창동,4199961.196,서울특별시,용산구,백범로,33,카페,"2,124,009",,
6호선,효창공원앞역,서울특별시,용산구,효창동,4199961.196,서울특별시,용산구,백범로,63,화장품,"4,054,926",,
6호선,효창공원앞역,서울특별시,용산구,효창동,4199961.196,서울특별시,용산구,백범로,43,편의점,"8,991,099",,
7호선,굴포천역,인천광역시,부평구,삼산동,,인천광역시,부평구,길주로,47,편의점,"9,595,520",,
7호선,부평구청역,인천광역시,부평구,갈산동,,인천광역시,부평구,길주로,46,편의점,"9,273,967",,
7호선,삼산체육관역,인천광역시,부평구,삼산동,,인천광역시,부평구,길주로,37,편의점,"7,648,343",,
