,호선,역명,지역(시),지역(구),지역(동),지역(로),면적(㎡),카테고리,임대료,승객 수
0,8호선,가락시장역,서울특별시,송파구,가락동,송파대로,24.61,식품제과,"2,833,330",13266465.0
1,3호선,가락시장역,서울특별시,송파구,가락동,송파대로,21.0,소매업,"3,519,900",13266465.0
2,8호선,가락시장역,서울특별시,송파구,가락동,송파대로,33.0,편의점,"7,167,277",13266465.0
3,8호선,가락시장역,서울특별시,송파구,가락동,송파대로,30.44,화장품,"12,768,731",13266465.0
4,7호선,가산디지털단지역,서울특별시,금천구,가산동,벚꽃로,30.0,화장품,"3,775,052",28369785.0
5,7호선,가산디지털단지역,서울특별시,금천구,가산동,벚꽃로,39.0,화장품,"4,907,567",28369785.0
6,7호선,가산디지털단지역,서울특별시,금천구,가산동,벚꽃로,34.0,식품제과,"7,512,000",28369785.0
7,7호선,가산디지털단지역,서울특별시,금천구,가산동,벚꽃로,35.8,편의점,"13,038,740",28369785.0
8,7호선,강남구청역,서울특별시,강남구,삼성동,학동로,9.2,의류잡화,"930,998",11153211.0
9,7호선,강남구청역,서울특별시,강남구,삼성동,학동로,36.0,식품제과,"3,031,199",11153211.0
10,7호선,강남구청역,서울특별시,강남구,삼성동,학동로,36.0,의류잡화,"3,031,199",11153211.0
11,7호선,강남구청역,서울특별시,강남구,삼성동,학동로,30.0,화장품,"3,390,728",11153211.0
12,7호선,강남구청역,서울특별시,강남구,삼성동,학동로,41.0,화장품,"5,082,993",11153211.0
13,7호선,강남구청역,서울특별시,강남구,삼성동,학동로,41.0,의류잡화,"5,082,993",11153211.0
14,7호선,강남구청역,서울특별시,강남구,삼성동,학동로,73.3,화장품,"5,610,000",11153211.0
15,7호선,강남구청역,서울특별시,강남구,삼성동,학동로,55.0,식당,"6,216,335",11153211.0
16,7호선,강남구청역,서울특별시,강남구,삼성동,학동로,63.8,편의점,"14,113,220",11153211.0
17,7호선,강남구청역,서울특별시,강남구,삼성동,학동로,472.0,카페,"16,834,400",11153211.0
18,2호선,강남역,서울특별시,강남구,역삼동,강남대로,13.3,카페,"6,889,683",74509854.0
19,2호선,강남역,서울특별시,강남구,역삼동,강남대로,20.3,소매업,"10,063,851",74509854.0
20,2호선,강남역,서울특별시,강남구,역삼동,강남대로,12.99,의류잡화,"10,961,471",74509854.0
21,2호선,강남역,서울특별시,강남구,역삼동,강남대로,26.55,화장품,"26,510,100",74509854.0
22,2호선,강남역,서울특별시,강남구,역삼동,강남대로,35.5,화장품,"33,961,005",74509854.0
23,8호선,강동구청역,서울특별시,강동구,성내동,올림픽로,30.0,편의점,"8,849,507",7951472.0
24,8호선,강동구청역,서울특별시,강동구,성내동,올림픽로,36.96,화장품,"9,338,262",7951472.0
25,5호선,강동역,서울특별시,강동구,천호동,천호대로,15.0,의류잡화,"2,200,012",13678811.0
26,5호선,강동역,서울특별시,강동구,천호동,천호대로,24.44,식품제과,"2,877,000",13678811.0
27,5호선,강동역,서울특별시,강동구,천호동,천호대로,57.26,편의점,"10,222,861",13678811.0
28,5호선,강동역,서울특별시,강동구,천호동,천호대로,81.6,식품제과,"14,919,520",13678811.0
29,2호선,강변역,서울특별시,광진구,구의동,강변역로,11.2,카페,"5,041,319",33862924.0
30,2호선,강변역,서울특별시,광진구,구의동,강변역로,41.0,편의점,"15,310,500",33862924.0
31,2호선,강변역,서울특별시,광진구,구의동,강변역로,36.5,화장품,"17,456,040",33862924.0
32,5호선,개롱역,서울특별시,송파구,오금동,오금로,40.0,편의점,"6,316,240",4964902.0
33,5호선,개화산역,서울특별시,강서구,방화동,양천로,30.0,편의점,"4,085,152",4235715.0
34,5호선,거여역,서울특별시,송파구,거여동,오금로,28.98,편의점,"4,559,758",4980407.0
35,2호선,건대입구역,서울특별시,광진구,화양동,아차산로,22.8,의류잡화,"3,256,490",46757854.0
36,7호선,건대입구역,서울특별시,광진구,화양동,아차산로,26.0,의류잡화,"3,728,354",46757854.0
37,7호선,건대입구역,서울특별시,광진구,화양동,아차산로,32.0,식품제과,"4,588,744",46757854.0
38,2호선,건대입구역,서울특별시,광진구,화양동,아차산로,23.42,의류잡화,"4,709,346",46757854.0
39,2호선,건대입구역,서울특별시,광진구,화양동,아차산로,24.55,화장품,"5,208,714",46757854.0
40,2호선,건대입구역,서울특별시,광진구,화양동,아차산로,29.68,카페,"6,243,818",46757854.0
41,2호선,건대입구역,서울특별시,광진구,화양동,아차산로,36.0,의류잡화,"7,638,033",46757854.0
42,7호선,건대입구역,서울특별시,광진구,화양동,아차산로,29.0,의류잡화,"7,795,782",46757854.0
43,7호선,건대입구역,서울특별시,광진구,화양동,아차산로,30.0,화장품,"8,064,602",46757854.0
44,2호선,건대입구역,서울특별시,광진구,화양동,아차산로,48.2,화장품,"10,226,478",46757854.0
45,2호선,건대입구역,서울특별시,광진구,화양동,아차산로,36.04,의류잡화,"11,100,000",46757854.0
46,7호선,건대입구역,서울특별시,광진구,화양동,아차산로,37.36,편의점,"11,116,490",46757854.0
47,7호선,건대입구역,서울특별시,광진구,화양동,아차산로,867.64,소매업,"16,415,740",46757854.0
48,7호선,건대입구역,서울특별시,광진구,화양동,아차산로,75.0,소매업,"21,308,277",46757854.0
49,7호선,건대입구역,서울특별시,광진구,화양동,아차산로,76.0,의료,"26,100,000",46757854.0
50,2호선,건대입구역,서울특별시,광진구,화양동,아차산로,29.5,의류잡화,"6,680,00",46757854.0
51,3호선,경복궁역,서울특별시,종로구,적선동,사직로,25.5,카페,"3,713,383",18712629.0
52,3호선,경찰병원역,서울특별시,송파구,가락동,중대로,37.4,식품제과,"518,300",5596289.0
53,3호선,경찰병원역,서울특별시,송파구,가락동,중대로,57.0,소매업,"1,120,000",5596289.0
54,5호선,고덕역,서울특별시,강동구,고덕동,고덕로,42.94,식품제과,"2,876,000",6959736.0
55,5호선,고덕역,서울특별시,강동구,고덕동,고덕로,28.62,편의점,"5,036,580",6959736.0
56,6호선,고려대역,서울특별시,성북구,종암동,종암로,25.0,카페,"2,014,601",6934825.0
57,6호선,고려대역,서울특별시,성북구,종암동,종암로,37.0,화장품,"2,981,609",6934825.0
58,6호선,고려대역,서울특별시,성북구,종암동,종암로,63.0,의류잡화,"5,076,794",6934825.0
59,6호선,고려대역,서울특별시,성북구,종암동,종암로,38.39,화장품,"7,571,147",6934825.0
60,6호선,고려대역,서울특별시,성북구,종암동,종암로,35.0,편의점,"10,602,944",6934825.0
61,3호선,고속터미널역,서울특별시,서초구,반포동,신반포로,13.67,의류잡화,"2,374,190",58550036.0
62,3호선,고속터미널역,서울특별시,서초구,반포동,신반포로,20.45,식품제과,"3,551,733",58550036.0
63,7호선,고속터미널역,서울특별시,서초구,반포동,신반포로,360.0,사무실,"3,949,782",58550036.0
64,7호선,고속터미널역,서울특별시,서초구,반포동,신반포로,44.0,식품제과,"4,391,210",58550036.0
65,7호선,고속터미널역,서울특별시,서초구,반포동,신반포로,47.0,의류잡화,"5,229,593",58550036.0
66,7호선,고속터미널역,서울특별시,서초구,반포동,신반포로,48.0,의류잡화,"5,340,861",58550036.0
67,7호선,고속터미널역,서울특별시,서초구,반포동,신반포로,556.0,사무실,"6,100,218",58550036.0
68,7호선,고속터미널역,서울특별시,서초구,반포동,신반포로,71.53,식품제과,"7,470,141",58550036.0
69,3호선,고속터미널역,서울특별시,서초구,반포동,신반포로,61.37,의류잡화,"10,658,673",58550036.0
70,3호선,고속터미널역,서울특별시,서초구,반포동,신반포로,16.0,카페,"11,540,880",58550036.0
71,3호선,고속터미널역,서울특별시,서초구,반포동,신반포로,33.75,의류잡화,"12,669,100",58550036.0
72,7호선,고속터미널역,서울특별시,서초구,반포동,신반포로,60.27,편의점,"17,542,140",58550036.0
73,3호선,고속터미널역,서울특별시,서초구,반포동,신반포로,106.63,의류잡화,"18,519,380",58550036.0
74,3호선,고속터미널역,서울특별시,서초구,반포동,신반포로,28.8,화장품,"31,563,813",58550036.0
75,7호선,고속터미널역,서울특별시,서초구,반포동,신반포로,123.69,소매업,"145,000,000",58550036.0
76,3호선,고속터미널역,서울특별시,서초구,반포동,신반포로,7475.19,의류잡화,"279,648,140",58550036.0
77,6호선,공덕역,서울특별시,마포구,공덕동,마포대로,13.6,소매업,"865,728",23193457.0
78,5호선,공덕역,서울특별시,마포구,공덕동,마포대로,32.0,소매업,"1,270,000",23193457.0
79,5호선,공덕역,서울특별시,마포구,공덕동,마포대로,32.0,소매업,"1,350,000",23193457.0
80,5호선,공덕역,서울특별시,마포구,공덕동,마포대로,28.5,소매업,"1,586,667",23193457.0
81,5호선,공덕역,서울특별시,마포구,공덕동,마포대로,37.0,소매업,"1,654,000",23193457.0
82,5호선,공덕역,서울특별시,마포구,공덕동,마포대로,28.6,의류잡화,"2,056,481",23193457.0
83,5호선,공덕역,서울특별시,마포구,공덕동,마포대로,28.7,의류잡화,"2,063,667",23193457.0
84,6호선,공덕역,서울특별시,마포구,공덕동,마포대로,26.0,식품제과,"2,255,664",23193457.0
85,6호선,공덕역,서울특별시,마포구,공덕동,마포대로,26.0,식품제과,"2,255,664",23193457.0
86,6호선,공덕역,서울특별시,마포구,공덕동,마포대로,32.0,식품제과,"2,400,164",23193457.0
87,6호선,공덕역,서울특별시,마포구,공덕동,마포대로,32.0,소매업,"3,152,770",23193457.0
88,5호선,공덕역,서울특별시,마포구,공덕동,마포대로,41.58,의류잡화,"3,511,500",23193457.0
89,6호선,공덕역,서울특별시,마포구,공덕동,마포대로,48.0,의류잡화,"3,600,246",23193457.0
90,6호선,공덕역,서울특별시,마포구,공덕동,마포대로,22.0,식당,"3,817,278",23193457.0
91,5호선,공덕역,서울특별시,마포구,공덕동,마포대로,33.71,소매업,"4,257,000",23193457.0
92,5호선,공덕역,서울특별시,마포구,공덕동,마포대로,28.2,의류잡화,"4,366,121",23193457.0
93,6호선,공덕역,서울특별시,마포구,공덕동,마포대로,60.0,의류잡화,"4,500,308",23193457.0
94,5호선,공덕역,서울특별시,마포구,공덕동,마포대로,30.0,의류잡화,"4,810,580",23193457.0
95,6호선,공덕역,서울특별시,마포구,공덕동,마포대로,66.0,소매업,"4,950,339",23193457.0
96,6호선,공덕역,서울특별시,마포구,공덕동,마포대로,27.0,의류잡화,"5,120,000",23193457.0
97,5호선,공덕역,서울특별시,마포구,공덕동,마포대로,32.0,의류잡화,"5,131,210",23193457.0
98,5호선,공덕역,서울특별시,마포구,공덕동,마포대로,32.0,의류잡화,"5,131,210",23193457.0
99,5호선,공덕역,서울특별시,마포구,공덕동,마포대로,32.2,의류잡화,"5,163,273",23193457.0
100,6호선,공덕역,서울특별시,마포구,공덕동,마포대로,30.0,화장품,"5,205,379",23193457.0
101,5호선,공덕역,서울특별시,마포구,공덕동,마포대로,34.9,편의점,"7,008,188",23193457.0
102,6호선,공덕역,서울특별시,마포구,공덕동,마포대로,36.0,의류잡화,"7,269,700",23193457.0
103,5호선,공덕역,서울특별시,마포구,공덕동,마포대로,47.3,의류잡화,"7,453,288",23193457.0
104,6호선,공덕역,서울특별시,마포구,공덕동,마포대로,24.0,화장품,"7,500,000",23193457.0
105,5호선,공덕역,서울특별시,마포구,공덕동,마포대로,48.5,의류잡화,"7,642,349",23193457.0
106,6호선,공덕역,서울특별시,마포구,공덕동,마포대로,37.0,의류잡화,"8,022,000",23193457.0
107,5호선,공덕역,서울특별시,마포구,공덕동,마포대로,70.3,의류잡화,"10,109,706",23193457.0
108,6호선,공덕역,서울특별시,마포구,공덕동,마포대로,112.0,의류잡화,"10,835,534",23193457.0
109,6호선,공덕역,서울특별시,마포구,공덕동,마포대로,165.0,식품제과,"15,963,063",23193457.0
110,6호선,공덕역,서울특별시,마포구,공덕동,마포대로,39.4,편의점,"17,509,209",23193457.0
111,7호선,공릉역,서울특별시,노원구,공릉동,동일로,30.0,의류잡화,"2,305,943",9447024.0
112,7호선,공릉역,서울특별시,노원구,공릉동,동일로,40.0,화장품,"3,074,591",9447024.0
113,7호선,공릉역,서울특별시,노원구,공릉동,동일로,50.0,식품제과,"3,843,238",9447024.0
114,7호선,공릉역,서울특별시,노원구,공릉동,동일로,28.91,편의점,"6,716,380",9447024.0
115,7호선,공릉역,서울특별시,노원구,공릉동,동일로,29.42,화장품,"9,509,157",9447024.0
116,5호선,광나루역,서울특별시,광진구,광장동,아차산로,17.86,의류잡화,"2,150,000",10054460.0
117,5호선,광나루역,서울특별시,광진구,광장동,아차산로,53.26,의류잡화,"3,726,868",10054460.0
118,5호선,광나루역,서울특별시,광진구,광장동,아차산로,62.2,식품제과,"4,585,000",10054460.0
119,5호선,광나루역,서울특별시,광진구,광장동,아차산로,45.0,편의점,"8,972,033",10054460.0
120,7호선,광명사거리역,경기도,광명시,광명동,오리로,13.0,의류잡화,"1,960,878",19314567.0
121,7호선,광명사거리역,경기도,광명시,광명동,오리로,41.0,화장품,"4,439,147",19314567.0
122,7호선,광명사거리역,경기도,광명시,광명동,오리로,44.0,식당,"4,763,962",19314567.0
123,7호선,광명사거리역,경기도,광명시,광명동,오리로,45.74,식품제과,"6,072,000",19314567.0
124,7호선,광명사거리역,경기도,광명시,광명동,오리로,40.0,화장품,"6,806,251",19314567.0
125,7호선,광명사거리역,경기도,광명시,광명동,오리로,40.0,의류잡화,"6,806,251",19314567.0
126,7호선,광명사거리역,경기도,광명시,광명동,오리로,37.0,의류잡화,"6,846,233",19314567.0
127,7호선,광명사거리역,경기도,광명시,광명동,오리로,34.27,편의점,"10,894,400",19314567.0
128,5호선,광화문역,서울특별시,종로구,도염동,세종대로,10.0,의류잡화,"1,236,200",26331043.0
129,5호선,광화문역,서울특별시,종로구,도염동,세종대로,6.3,의류잡화,"1,600,000",26331043.0
130,5호선,광화문역,서울특별시,종로구,도염동,세종대로,849.0,사무실,"6,976,750",26331043.0
131,5호선,광화문역,서울특별시,종로구,도염동,세종대로,104.1,서점,"10,982,800",26331043.0
132,5호선,광화문역,서울특별시,종로구,도염동,세종대로,56.0,편의점,"25,342,583",26331043.0
133,6호선,광흥창역,서울특별시,마포구,창전동,독막로,50.0,소매업,"934,981",6780642.0
134,6호선,광흥창역,서울특별시,마포구,창전동,독막로,50.0,소매업,"934,981",6780642.0
135,6호선,광흥창역,서울특별시,마포구,창전동,독막로,106.0,소매업,"1,489,358",6780642.0
136,6호선,광흥창역,서울특별시,마포구,창전동,독막로,87.0,소매업,"1,626,868",6780642.0
137,6호선,광흥창역,서울특별시,마포구,창전동,독막로,32.0,소매업,"1,695,984",6780642.0
138,6호선,광흥창역,서울특별시,마포구,창전동,독막로,20.0,소매업,"1,962,944",6780642.0
139,6호선,광흥창역,서울특별시,마포구,창전동,독막로,44.0,소매업,"2,300,157",6780642.0
140,6호선,광흥창역,서울특별시,마포구,창전동,독막로,66.0,화장품,"2,366,071",6780642.0
141,6호선,광흥창역,서울특별시,마포구,창전동,독막로,25.0,화장품,"2,941,547",6780642.0
142,6호선,광흥창역,서울특별시,마포구,창전동,독막로,40.0,편의점,"5,471,602",6780642.0
143,3호선,교대역,서울특별시,서초구,서초동,서초대로,37.7,사무실,"452,700",36698095.0
144,2호선,교대역,서울특별시,서초구,서초동,서초대로,11.0,사무실,"470,000",36698095.0
145,3호선,교대역,서울특별시,서초구,서초동,서초대로,37.7,식품제과,"1,500,000",36698095.0
146,3호선,교대역,서울특별시,서초구,서초동,서초대로,37.7,식품제과,"1,533,300",36698095.0
147,2호선,교대역,서울특별시,서초구,서초동,서초대로,15.0,의류잡화,"2,977,646",36698095.0
148,2호선,교대역,서울특별시,서초구,서초동,서초대로,18.0,식품제과,"3,510,000",36698095.0
149,2호선,교대역,서울특별시,서초구,서초동,서초대로,29.28,의류잡화,"3,762,120",36698095.0
150,2호선,교대역,서울특별시,서초구,서초동,서초대로,28.05,의류잡화,"3,950,000",36698095.0
151,3호선,교대역,서울특별시,서초구,서초동,서초대로,113.1,편의점,"4,433,300",36698095.0
152,2호선,교대역,서울특별시,서초구,서초동,서초대로,15.0,식품제과,"8,196,400",36698095.0
153,2호선,교대역,서울특별시,서초구,서초동,서초대로,18.6,카페,"10,206,945",36698095.0
154,2호선,구로디지털역,서울특별시,구로구,구로동,도림천로,10.66,카페,"6,773,016",
155,2호선,구로디지털역,서울특별시,구로구,구로동,도림천로,29.0,식품제과,"8,502,100",
156,2호선,구로디지털역,서울특별시,구로구,구로동,도림천로,100.8,의류잡화,"14,000,700",
157,6호선,구산역,서울특별시,은평구,구산동,연서로,30.0,의류잡화,"2,106,614",5175114.0
158,6호선,구산역,서울특별시,은평구,구산동,연서로,33.0,식품제과,"2,317,275",5175114.0
159,6호선,구산역,서울특별시,은평구,구산동,연서로,33.0,의류잡화,"2,317,275",5175114.0
160,6호선,구산역,서울특별시,은평구,구산동,연서로,58.0,화장품,"4,601,968",5175114.0
161,6호선,구산역,서울특별시,은평구,구산동,연서로,33.2,편의점,"7,210,770",5175114.0
162,2호선,구의역,서울특별시,광진구,구의동,아차산로,12.08,카페,"341,170",17152645.0
163,2호선,구의역,서울특별시,광진구,구의동,아차산로,20.0,의류잡화,"1,023,000",17152645.0
164,2호선,구의역,서울특별시,광진구,구의동,아차산로,50.46,화장품,"8,480,902",17152645.0
165,7호선,군자역,서울특별시,광진구,능동,천호대로,86.95,의류잡화,"3,196,209",17981165.0
166,7호선,군자역,서울특별시,광진구,능동,천호대로,50.0,화장품,"3,677,938",17981165.0
167,7호선,군자역,서울특별시,광진구,능동,천호대로,20.0,식품제과,"4,435,930",17981165.0
168,7호선,군자역,서울특별시,광진구,능동,천호대로,40.0,화장품,"4,905,294",17981165.0
169,7호선,군자역,서울특별시,광진구,능동,천호대로,55.0,화장품,"4,994,660",17981165.0
170,5호선,군자역,서울특별시,광진구,능동,천호대로,90.6,화장품,"7,050,000",17981165.0
171,5호선,군자역,서울특별시,광진구,능동,천호대로,44.67,화장품,"7,500,000",17981165.0
172,7호선,군자역,서울특별시,광진구,능동,천호대로,24.24,의류잡화,"8,400,200",17981165.0
173,7호선,군자역,서울특별시,광진구,능동,천호대로,54.82,편의점,"11,979,000",17981165.0
174,7호선,군자역,서울특별시,광진구,능동,천호대로,31.0,의류잡화,"13,022,172",17981165.0
175,7호선,군자역,서울특별시,광진구,능동,천호대로,32.7,의류잡화,"13,500,000",17981165.0
176,7호선,군자역,서울특별시,광진구,능동,천호대로,27.0,식품제과,"15,358,696",17981165.0
177,7호선,군자역,서울특별시,광진구,능동,천호대로,33.0,식품제과,"16,095,420",17981165.0
178,7호선,군자역,서울특별시,광진구,능동,천호대로,27.0,카페,"18,293,194",17981165.0
179,7호선,굴포천역,인천광역시,부평구,삼산동,길주로,47.0,편의점,"9,595,520",6869239.0
180,5호선,굽은다리역,서울특별시,강동구,명일동,양재대로,14.5,의류잡화,"999,990",7039787.0
181,5호선,굽은다리역,서울특별시,강동구,명일동,양재대로,23.0,의류잡화,"3,130,000",7039787.0
182,5호선,굽은다리역,서울특별시,강동구,명일동,양재대로,34.43,식품제과,"3,692,500",7039787.0
183,5호선,굽은다리역,서울특별시,강동구,명일동,양재대로,30.0,편의점,"5,299,388",7039787.0
184,3호선,금호역,서울특별시,성동구,금호동4가,동호로,18.61,소매업,"692,200",6167521.0
185,3호선,금호역,서울특별시,성동구,금호동5가,동호로,28.0,식품제과,"798,000",6167521.0
186,3호선,금호역,서울특별시,성동구,금호동6가,동호로,21.0,의류잡화,"893,000",6167521.0
187,3호선,금호역,서울특별시,성동구,금호동7가,동호로,25.3,편의점,"1,175,000",6167521.0
188,3호선,금호역,서울특별시,성동구,금호동8가,동호로,50.3,화장품,"3,559,459",6167521.0
189,5호선,길동역,서울특별시,강동구,길동,양재대로,31.82,편의점,"5,116,421",5744110.0
190,4호선,길음역,서울특별시,성북구,길음동,동소문로,20.04,화장품,"4,987,743",16922012.0
191,4호선,길음역,서울특별시,성북구,길음동,동소문로,100.0,식품제과,"6,436,000",16922012.0
192,5호선,김포공항역,서울특별시,강서구,방화동,하늘길,103.42,사무실,"1,045,000",5620867.0
193,5호선,김포공항역,서울특별시,강서구,방화동,하늘길,25.29,의류잡화,"3,300,070",5620867.0
194,5호선,김포공항역,서울특별시,강서구,방화동,하늘길,44.39,식품제과,"3,379,996",5620867.0
195,5호선,김포공항역,서울특별시,강서구,방화동,하늘길,25.29,의류잡화,"3,850,000",5620867.0
196,5호선,김포공항역,서울특별시,강서구,방화동,하늘길,53.15,의류잡화,"4,200,000",5620867.0
197,5호선,김포공항역,서울특별시,강서구,방화동,하늘길,53.97,카페,"4,984,100",5620867.0
198,5호선,김포공항역,서울특별시,강서구,방화동,하늘길,49.96,의류잡화,"5,059,554",5620867.0
199,5호선,김포공항역,서울특별시,강서구,방화동,하늘길,25.58,의류잡화,"5,120,000",5620867.0
200,5호선,김포공항역,서울특별시,강서구,방화동,하늘길,43.71,식품제과,"5,335,330",5620867.0
201,5호선,김포공항역,서울특별시,강서구,방화동,하늘길,32.34,편의점,"5,515,621",5620867.0
202,5호선,김포공항역,서울특별시,강서구,방화동,하늘길,44.47,소매업,"6,000,000",5620867.0
203,5호선,김포공항역,서울특별시,강서구,방화동,하늘길,21.53,의류잡화,"6,300,070",5620867.0
204,5호선,까치산역,서울특별시,강서구,화곡동,강서로,19.28,의류잡화,"7,674,176",21452951.0
205,5호선,까치산역,서울특별시,강서구,화곡동,강서로,36.85,식품제과,"8,896,100",21452951.0
206,5호선,까치산역,서울특별시,강서구,화곡동,강서로,37.82,편의점,"9,319,115",21452951.0
207,5호선,까치산역,서울특별시,강서구,화곡동,강서로,21.25,카페,"10,000,000",21452951.0
208,5호선,까치산역,서울특별시,강서구,화곡동,강서로,24.15,의류잡화,"10,130,000",21452951.0
209,5호선,까치산역,서울특별시,강서구,화곡동,강서로,30.72,화장품,"11,817,326",21452951.0
210,5호선,까치산역,서울특별시,강서구,화곡동,강서로,28.07,소매업,"12,773,147",21452951.0
211,5호선,까치산역,서울특별시,강서구,화곡동,강서로,46.76,의류잡화,"15,557,824",21452951.0
212,7호선,까치울역,경기도,부천시,원미구,원미구,39.0,편의점,"6,767,903",5243865.0
213,2호선,낙성대역,서울특별시,관악구,봉천동,남부순환로,20.94,편의점,"500,630",21664346.0
214,2호선,낙성대역,서울특별시,관악구,봉천동,남부순환로,16.7,의류잡화,"1,902,830",21664346.0
215,2호선,낙성대역,서울특별시,관악구,봉천동,남부순환로,21.28,편의점,"5,115,000",21664346.0
216,7호선,남구로역,서울특별시,구로구,구로동,도림로,22.0,의류잡화,"2,625,180",11994675.0
217,7호선,남구로역,서울특별시,구로구,구로동,도림로,43.0,화장품,"5,131,033",11994675.0
218,7호선,남구로역,서울특별시,구로구,구로동,도림로,32.0,화장품,"5,286,312",11994675.0
219,7호선,남구로역,서울특별시,구로구,구로동,도림로,40.0,화장품,"6,607,890",11994675.0
220,7호선,남구로역,서울특별시,구로구,구로동,도림로,33.67,편의점,"7,551,830",11994675.0
221,7호선,남성역,서울특별시,동작구,사당동,사당로,15.0,카페,"1,593,084",8343060.0
222,7호선,남성역,서울특별시,동작구,사당동,사당로,21.0,화장품,"2,321,440",8343060.0
223,7호선,남성역,서울특별시,동작구,사당동,사당로,26.0,식품제과,"2,874,164",8343060.0
224,7호선,남성역,서울특별시,동작구,사당동,사당로,45.0,화장품,"4,974,514",8343060.0
225,7호선,남성역,서울특별시,동작구,사당동,사당로,50.0,의류잡화,"5,310,281",8343060.0
226,7호선,남성역,서울특별시,동작구,사당동,사당로,45.25,편의점,"8,496,620",8343060.0
227,8호선,남한산성입구역,경기도,성남시,수정구,수정구,17.0,식품제과,"2,031,500",10077851.0
228,8호선,남한산성입구역,경기도,성남시,수정구,수정구,54.76,식품제과,"7,020,000",10077851.0
229,8호선,남한산성입구역,경기도,성남시,수정구,수정구,36.0,편의점,"12,353,088",10077851.0
230,8호선,남한산성입구역,경기도,성남시,수정구,수정구,34.32,화장품,"15,428,575",10077851.0
231,7호선,내방역,서울특별시,서초구,방배동,서초대로,34.0,의류잡화,"1,710,654",10459644.0
232,7호선,내방역,서울특별시,서초구,방배동,서초대로,28.0,화장품,"2,489,840",10459644.0
233,7호선,내방역,서울특별시,서초구,방배동,서초대로,28.0,화장품,"2,489,840",10459644.0
234,7호선,내방역,서울특별시,서초구,방배동,서초대로,45.0,의류잡화,"4,200,000",10459644.0
235,7호선,내방역,서울특별시,서초구,방배동,서초대로,30.78,의류잡화,"4,211,869",10459644.0
236,7호선,내방역,서울특별시,서초구,방배동,서초대로,62.21,편의점,"13,549,360",10459644.0
237,7호선,노원역,서울특별시,노원구,상계동,상계로,52.0,사무실,"541,660",33448476.0
238,4호선,노원역,서울특별시,노원구,상계동,상계로,14.91,의류잡화,"559,380",33448476.0
239,7호선,노원역,서울특별시,노원구,상계동,상계로,17.0,식당,"2,349,954",33448476.0
240,7호선,노원역,서울특별시,노원구,상계동,상계로,24.0,의류잡화,"3,382,050",33448476.0
241,7호선,노원역,서울특별시,노원구,상계동,상계로,37.0,화장품,"4,032,817",33448476.0
242,7호선,노원역,서울특별시,노원구,상계동,상계로,40.0,화장품,"4,359,803",33448476.0
243,7호선,노원역,서울특별시,노원구,상계동,상계로,55.15,편의점,"17,204,550",33448476.0
244,7호선,노원역,서울특별시,노원구,상계동,상계로,36.4,식품제과,"27,943,265",33448476.0
245,3호선,녹번역,서울특별시,은평구,녹번동,통일로,12.65,식품제과,"418,000",8905495.0
246,3호선,녹번역,서울특별시,은평구,녹번동,통일로,19.3,식품제과,"512,000",8905495.0
247,3호선,녹번역,서울특별시,은평구,녹번동,통일로,23.9,식품제과,"522,600",8905495.0
248,3호선,녹번역,서울특별시,은평구,녹번동,통일로,29.3,식당,"755,800",8905495.0
249,3호선,녹번역,서울특별시,은평구,녹번동,통일로,13.47,의류잡화,"801,000",8905495.0
250,3호선,녹번역,서울특별시,은평구,녹번동,통일로,20.61,의류잡화,"823,000",8905495.0
251,6호선,녹사평역,서울특별시,용산구,용산동,녹사평대로,40.0,편의점,"8,687,609",5140392.0
252,7호선,논현역,서울특별시,강남구,논현동,학동로,29.0,카페,"2,022,349",14535273.0
253,7호선,논현역,서울특별시,강남구,논현동,학동로,25.0,식품제과,"2,133,410",14535273.0
254,7호선,논현역,서울특별시,강남구,논현동,학동로,46.0,의류잡화,"2,475,996",14535273.0
255,7호선,논현역,서울특별시,강남구,논현동,학동로,33.0,식품제과,"2,816,102",14535273.0
256,7호선,논현역,서울특별시,강남구,논현동,학동로,37.8,의류잡화,"3,530,000",14535273.0
257,7호선,논현역,서울특별시,강남구,논현동,학동로,35.0,의류잡화,"3,713,581",14535273.0
258,7호선,논현역,서울특별시,강남구,논현동,학동로,23.0,의류잡화,"3,720,000",14535273.0
259,7호선,논현역,서울특별시,강남구,논현동,학동로,50.0,화장품,"3,931,054",14535273.0
260,7호선,논현역,서울특별시,강남구,논현동,학동로,50.0,화장품,"3,931,054",14535273.0
261,7호선,논현역,서울특별시,강남구,논현동,학동로,75.0,소매업,"4,036,950",14535273.0
262,7호선,논현역,서울특별시,강남구,논현동,학동로,57.7,의류잡화,"5,189,834",14535273.0
263,7호선,논현역,서울특별시,강남구,논현동,학동로,29.92,식품제과,"5,482,433",14535273.0
264,7호선,논현역,서울특별시,강남구,논현동,학동로,30.0,의류잡화,"6,820,000",14535273.0
265,7호선,논현역,서울특별시,강남구,논현동,학동로,63.44,식품제과,"8,910,000",14535273.0
266,7호선,논현역,서울특별시,강남구,논현동,학동로,44.65,편의점,"10,937,960",14535273.0
267,8호선,단대오거리역,경기도,성남시,수정구,수정구,75.09,의류잡화,"4,284,455",7997301.0
268,8호선,단대오거리역,경기도,성남시,수정구,수정구,28.97,식품제과,"5,225,055",7997301.0
269,8호선,단대오거리역,경기도,성남시,수정구,수정구,54.03,식당,"7,630,000",7997301.0
270,8호선,단대오거리역,경기도,성남시,수정구,수정구,32.5,편의점,"8,712,991",7997301.0
271,8호선,단대오거리역,경기도,성남시,수정구,수정구,36.78,화장품,"15,685,314",7997301.0
272,5호선,답십리역,서울특별시,성동구,용답동,천호대로,28.86,의류잡화,"3,310,000",11910940.0
273,5호선,답십리역,서울특별시,성동구,용답동,천호대로,35.8,의류잡화,"3,665,038",11910940.0
274,5호선,답십리역,서울특별시,성동구,용답동,천호대로,57.89,식품제과,"6,668,830",11910940.0
275,5호선,답십리역,서울특별시,성동구,용답동,천호대로,40.0,편의점,"8,179,176",11910940.0
276,4호선,당고개역,서울특별시,노원구,상계동,상계로,21.8,식품제과,"252,000",9403595.0
277,4호선,당고개역,서울특별시,노원구,상계동,상계로,31.5,식품제과,"371,000",9403595.0
278,4호선,당고개역,서울특별시,노원구,상계동,상계로,23.88,소매업,"387,000",9403595.0
279,4호선,당고개역,서울특별시,노원구,상계동,상계로,56.3,소매업,"582,000",9403595.0
280,4호선,당고개역,서울특별시,노원구,상계동,상계로,27.84,의류잡화,"901,870",9403595.0
281,4호선,당고개역,서울특별시,노원구,상계동,상계로,28.01,카페,"3,353,802",9403595.0
282,4호선,당고개역,서울특별시,노원구,상계동,상계로,311.0,의류잡화,"12,000,200",9403595.0
283,2호선,당산역,서울특별시,영등포구,당산동,당산로,25.0,의류잡화,"2,575,815",16503458.0
284,2호선,당산역,서울특별시,영등포구,당산동,당산로,12.0,식당,"2,810,000",16503458.0
285,2호선,당산역,서울특별시,영등포구,당산동,당산로,26.14,식품제과,"7,312,000",16503458.0
286,2호선,당산역,서울특별시,영등포구,당산동,당산로,22.0,의류잡화,"11,700,139",16503458.0
287,2호선,대림역,서울특별시,구로구,구로동,도림천로,15.5,식품제과,"3,152,300",29796363.0
288,7호선,대림역,서울특별시,구로구,구로동,도림천로,30.0,화장품,"3,564,294",29796363.0
289,7호선,대림역,서울특별시,구로구,구로동,도림천로,39.0,식품제과,"4,303,187",29796363.0
290,7호선,대림역,서울특별시,구로구,구로동,도림천로,39.0,의류잡화,"4,303,187",29796363.0
291,7호선,대림역,서울특별시,구로구,구로동,도림천로,40.0,의류잡화,"4,413,525",29796363.0
292,2호선,대림역,서울특별시,구로구,구로동,도림천로,14.93,의류잡화,"5,564,323",29796363.0
293,2호선,대림역,서울특별시,구로구,구로동,도림천로,20.0,편의점,"5,643,800",29796363.0
294,2호선,대림역,서울특별시,구로구,구로동,도림천로,15.76,식당,"5,810,000",29796363.0
295,2호선,대림역,서울특별시,구로구,구로동,도림천로,14.0,식품제과,"7,222,000",29796363.0
296,7호선,대림역,서울특별시,구로구,구로동,도림천로,22.0,의류잡화,"7,222,000",29796363.0
297,7호선,대림역,서울특별시,구로구,구로동,도림천로,44.74,식품제과,"9,130,000",29796363.0
298,7호선,대림역,서울특별시,구로구,구로동,도림천로,22.0,편의점,"9,200,000",29796363.0
299,7호선,대림역,서울특별시,구로구,구로동,도림천로,29.51,편의점,"9,955,770",29796363.0
300,2호선,대림역,서울특별시,구로구,구로동,도림천로,19.47,의류잡화,"12,925,000",29796363.0
301,7호선,대림역,서울특별시,구로구,구로동,도림천로,68.0,의류잡화,"15,079,302",29796363.0
302,2호선,대림역,서울특별시,구로구,구로동,도림천로,33.0,의류잡화,"15,150,000",29796363.0
303,2호선,대림역,서울특별시,구로구,구로동,도림천로,14.93,의류잡화,"16,140,000",29796363.0
304,7호선,대림역,서울특별시,구로구,구로동,도림천로,41.1,의류잡화,"22,680,670",29796363.0
305,6호선,대흥역,서울특별시,마포구,대흥동,대흥로,23.0,의류잡화,"1,805,172",6634131.0
306,6호선,대흥역,서울특별시,마포구,대흥동,대흥로,43.67,화장품,"9,052,664",6634131.0
307,6호선,대흥역,서울특별시,마포구,대흥동,대흥로,45.0,편의점,"9,890,867",6634131.0
308,3호선,도곡역,서울특별시,강남구,도곡동,남부순환로,21.9,의류잡화,"873,400",4420475.0
309,3호선,도곡역,서울특별시,강남구,도곡동,남부순환로,25.04,식품제과,"1,024,800",4420475.0
310,3호선,도곡역,서울특별시,강남구,도곡동,남부순환로,23.18,의류잡화,"1,350,000",4420475.0
311,7호선,도봉산역,서울특별시,도봉구,도봉동,도봉로,36.0,카페,"1,179,006",7633194.0
312,7호선,도봉산역,서울특별시,도봉구,도봉동,도봉로,38.0,식품제과,"1,244,507",7633194.0
313,7호선,도봉산역,서울특별시,도봉구,도봉동,도봉로,44.0,식당,"1,441,008",7633194.0
314,7호선,도봉산역,서울특별시,도봉구,도봉동,도봉로,46.0,식품제과,"1,487,499",7633194.0
315,6호선,독바위역,서울특별시,은평구,불광동,불광로,26.0,소매업,"889,110",2222264.0
316,6호선,독바위역,서울특별시,은평구,불광동,불광로,26.0,소매업,"889,110",2222264.0
317,6호선,독바위역,서울특별시,은평구,불광동,불광로,33.0,소매업,"1,128,486",2222264.0
318,6호선,독바위역,서울특별시,은평구,불광동,불광로,31.3,편의점,"2,860,106",2222264.0
319,6호선,돌곶이역,서울특별시,성북구,석관동,화랑로,37.0,의류잡화,"1,762,207",6287409.0
320,6호선,돌곶이역,서울특별시,성북구,석관동,화랑로,15.0,의류잡화,"2,324,539",6287409.0
321,6호선,돌곶이역,서울특별시,성북구,석관동,화랑로,30.0,화장품,"2,757,787",6287409.0
322,6호선,돌곶이역,서울특별시,성북구,석관동,화랑로,22.0,식품제과,"2,815,275",6287409.0
323,6호선,돌곶이역,서울특별시,성북구,석관동,화랑로,41.0,카페,"3,768,975",6287409.0
324,6호선,돌곶이역,서울특별시,성북구,석관동,화랑로,53.0,의류잡화,"4,872,090",6287409.0
325,6호선,돌곶이역,서울특별시,성북구,석관동,화랑로,37.8,편의점,"8,738,785",6287409.0
326,1호선,동대문역,서울특별시,종로구,창신동,종로,19.84,의류잡화,"1,380,000",29861156.0
327,1호선,동대문역,서울특별시,종로구,창신동,종로,17.5,의류잡화,"1,431,300",29861156.0
328,4호선,동대문역,서울특별시,종로구,창신동,종로,19.8,의류잡화,"2,067,179",29861156.0
329,4호선,동대문역,서울특별시,종로구,창신동,종로,20.0,의류잡화,"2,088,060",29861156.0
330,4호선,동대문역,서울특별시,종로구,창신동,종로,20.1,식품제과,"2,098,500",29861156.0
331,4호선,동대문역,서울특별시,종로구,창신동,종로,20.36,식품제과,"2,125,645",29861156.0
332,4호선,동대문역,서울특별시,종로구,창신동,종로,19.86,의류잡화,"2,356,580",29861156.0
333,4호선,동대문역,서울특별시,종로구,창신동,종로,24.6,의류잡화,"2,568,313",29861156.0
334,4호선,동대문역,서울특별시,종로구,창신동,종로,28.0,카페,"3,054,428",29861156.0
335,1호선,동대문역,서울특별시,종로구,창신동,종로,11.0,의류잡화,"3,993,000",29861156.0
336,4호선,동대문역,서울특별시,종로구,창신동,종로,40.7,의류잡화,"4,249,202",29861156.0
337,4호선,동대문역,서울특별시,종로구,창신동,종로,40.76,의류잡화,"4,255,466",29861156.0
338,4호선,동대문역,서울특별시,종로구,창신동,종로,10.0,카페,"5,109,449",29861156.0
339,1호선,동대문역,서울특별시,종로구,창신동,종로,30.44,화장품,"5,418,000",29861156.0
340,4호선,동대문역,서울특별시,종로구,창신동,종로,24.47,의류잡화,"9,547,970",29861156.0
341,4호선,동대문역,서울특별시,종로구,창신동,종로,12.5,의류잡화,"10,020,000",29861156.0
342,2호선,동대문역사문화공원역,서울특별시,중구,을지로,을지로,31.69,의류잡화,"1,155,400",33029923.0
343,2호선,동대문역사문화공원역,서울특별시,중구,을지로,을지로,62.2,의류잡화,"2,446,800",33029923.0
344,4호선,동대문역사문화공원역,서울특별시,중구,을지로,을지로,15.0,의류잡화,"3,100,000",33029923.0
345,2호선,동대문역사문화공원역,서울특별시,중구,을지로,을지로,12.0,카페,"4,625,497",33029923.0
346,4호선,동대문역사문화공원역,서울특별시,중구,을지로,을지로,16.68,의류잡화,"5,551,000",33029923.0
347,2호선,동대문역사문화공원역,서울특별시,중구,을지로,을지로,32.5,카페,"7,718,394",33029923.0
348,4호선,동대문역사문화공원역,서울특별시,중구,을지로,을지로,89.0,의류잡화,"8,100,000",33029923.0
349,2호선,동대문역사문화공원역,서울특별시,중구,을지로,을지로,19.5,화장품,"8,176,000",33029923.0
350,4호선,동대문역사문화공원역,서울특별시,중구,을지로,을지로,27.09,의류잡화,"12,776,200",33029923.0
351,2호선,동대문역사문화공원역,서울특별시,중구,을지로,을지로,25.7,화장품,"13,621,600",33029923.0
352,2호선,동대문역사문화공원역,서울특별시,중구,을지로,을지로,45.64,의류잡화,"17,200,000",33029923.0
353,3호선,동대입구역,서울특별시,중구,장충동2가,동호로,16.8,소매업,"201,000",8957089.0
354,3호선,동대입구역,서울특별시,중구,장충동3가,동호로,17.14,소매업,"250,000",8957089.0
355,3호선,동대입구역,서울특별시,중구,장충동4가,동호로,16.68,편의점,"328,400",8957089.0
356,3호선,동대입구역,서울특별시,중구,장충동5가,동호로,33.3,사무실,"429,000",8957089.0
357,3호선,동대입구역,서울특별시,중구,장충동6가,동호로,33.46,의류잡화,"513,900",8957089.0
358,3호선,동대입구역,서울특별시,중구,장충동7가,동호로,33.7,사무실,"521,300",8957089.0
359,3호선,동대입구역,서울특별시,중구,장충동8가,동호로,17.04,편의점,"1,320,000",8957089.0
360,3호선,동대입구역,서울특별시,중구,장충동9가,동호로,33.37,식품제과,"1,529,500",8957089.0
361,6호선,동묘앞역,서울특별시,종로구,숭인동,종로,45.0,소매업,"1,287,795",14916416.0
362,6호선,동묘앞역,서울특별시,종로구,숭인동,종로,26.0,소매업,"1,773,057",14916416.0
363,6호선,동묘앞역,서울특별시,종로구,숭인동,종로,30.0,화장품,"2,045,835",14916416.0
364,6호선,동묘앞역,서울특별시,종로구,숭인동,종로,33.0,소매업,"2,250,418",14916416.0
365,6호선,동묘앞역,서울특별시,종로구,숭인동,종로,33.0,소매업,"2,250,418",14916416.0
366,6호선,동묘앞역,서울특별시,종로구,숭인동,종로,43.0,소매업,"2,932,363",14916416.0
367,6호선,동묘앞역,서울특별시,종로구,숭인동,종로,50.0,소매업,"3,409,725",14916416.0
368,1호선,동묘앞역,서울특별시,종로구,숭인동,종로,17.7,식품제과,"6,933,900",14916416.0
369,6호선,동묘앞역,서울특별시,종로구,숭인동,종로,48.0,편의점,"6,967,649",14916416.0
370,4호선,동작역,서울특별시,동작구,동작동,현충로,10.75,식당,"420,000",2296668.0
371,4호선,동작역,서울특별시,동작구,동작동,현충로,16.0,식품제과,"3,704,000",2296668.0
372,4호선,동작역,서울특별시,동작구,동작동,현충로,20.0,편의점,"4,925,000",2296668.0
373,5호선,둔촌동역,서울특별시,강동구,둔촌동,양재대로,13.5,의류잡화,"2,710,000",7197212.0
374,5호선,둔촌동역,서울특별시,강동구,둔촌동,양재대로,28.71,의류잡화,"3,589,154",7197212.0
375,5호선,둔촌동역,서울특별시,강동구,둔촌동,양재대로,29.0,편의점,"5,386,990",7197212.0
376,6호선,디지털미디어시티역,서울특별시,은평구,수색동,수색로,30.0,화장품,"3,381,430",10393171.0
377,6호선,디지털미디어시티역,서울특별시,은평구,수색동,수색로,95.86,의료,"3,461,833",10393171.0
378,6호선,디지털미디어시티역,서울특별시,은평구,수색동,수색로,33.0,소매업,"3,613,684",10393171.0
379,6호선,디지털미디어시티역,서울특별시,은평구,수색동,수색로,212.39,의료,"4,255,000",10393171.0
380,6호선,디지털미디어시티역,서울특별시,은평구,수색동,수색로,40.0,카페,"4,508,573",10393171.0
381,6호선,디지털미디어시티역,서울특별시,은평구,수색동,수색로,55.0,소매업,"5,113,986",10393171.0
382,6호선,디지털미디어시티역,서울특별시,은평구,수색동,수색로,55.0,소매업,"5,113,986",10393171.0
383,6호선,디지털미디어시티역,서울특별시,은평구,수색동,수색로,33.0,편의점,"6,279,857",10393171.0
384,6호선,디지털미디어시티역,서울특별시,은평구,수색동,수색로,81.0,화장품,"8,869,952",10393171.0
385,2호선,뚝섬역,서울특별시,성동구,성수동1가,아차산로,14.23,의류잡화,"661,700",12995026.0
386,2호선,뚝섬역,서울특별시,성동구,성수동2가,아차산로,21.99,소매업,"1,166,700",12995026.0
387,2호선,뚝섬역,서울특별시,성동구,성수동3가,아차산로,25.17,의류잡화,"2,405,887",12995026.0
388,2호선,뚝섬역,서울특별시,성동구,성수동4가,아차산로,31.2,편의점,"4,279,000",12995026.0
389,7호선,뚝섬유원지역,서울특별시,광진구,자양동,능동로,29.89,편의점,"4,399,230",6692931.0
390,7호선,마들역,서울특별시,노원구,상계동,동일로,33.0,식품제과,"468,350",8549444.0
391,7호선,마들역,서울특별시,노원구,상계동,동일로,33.0,의류잡화,"470,000",8549444.0
392,7호선,마들역,서울특별시,노원구,상계동,동일로,33.0,소매업,"520,000",8549444.0
393,7호선,마들역,서울특별시,노원구,상계동,동일로,33.0,의류잡화,"533,330",8549444.0
394,7호선,마들역,서울특별시,노원구,상계동,동일로,33.0,의류잡화,"650,000",8549444.0
395,7호선,마들역,서울특별시,노원구,상계동,동일로,20.0,식품제과,"696,329",8549444.0
396,7호선,마들역,서울특별시,노원구,상계동,동일로,31.0,소매업,"1,047,282",8549444.0
397,7호선,마들역,서울특별시,노원구,상계동,동일로,33.0,소매업,"1,165,989",8549444.0
398,7호선,마들역,서울특별시,노원구,상계동,동일로,33.0,소매업,"1,165,989",8549444.0
399,7호선,마들역,서울특별시,노원구,상계동,동일로,35.0,소매업,"1,182,416",8549444.0
400,7호선,마들역,서울특별시,노원구,상계동,동일로,35.0,소매업,"1,182,416",8549444.0
401,7호선,마들역,서울특별시,노원구,상계동,동일로,36.0,소매업,"1,216,199",8549444.0
402,7호선,마들역,서울특별시,노원구,상계동,동일로,45.0,화장품,"1,487,705",8549444.0
403,7호선,마들역,서울특별시,노원구,상계동,동일로,45.0,식품제과,"1,487,705",8549444.0
404,7호선,마들역,서울특별시,노원구,상계동,동일로,45.0,소매업,"1,520,249",8549444.0
405,7호선,마들역,서울특별시,노원구,상계동,동일로,39.0,의류잡화,"2,500,000",8549444.0
406,7호선,마들역,서울특별시,노원구,상계동,동일로,534.92,사무실,"3,281,667",8549444.0
407,7호선,마들역,서울특별시,노원구,상계동,동일로,33.11,편의점,"3,423,530",8549444.0
408,5호선,마장역,서울특별시,성동구,마장동,마장로,30.0,편의점,"4,361,266",4487588.0
409,5호선,마천역,서울특별시,송파구,마천동,마천로,30.0,편의점,"4,234,853",3790871.0
410,6호선,마포구청역,서울특별시,마포구,성산동,월드컵로,35.0,사무실,"1,041,394",9828274.0
411,6호선,마포구청역,서울특별시,마포구,성산동,월드컵로,44.0,식품제과,"1,309,181",9828274.0
412,6호선,마포구청역,서울특별시,마포구,성산동,월드컵로,33.0,카페,"2,567,221",9828274.0
413,6호선,마포구청역,서울특별시,마포구,성산동,월드컵로,40.0,카페,"3,111,783",9828274.0
414,6호선,마포구청역,서울특별시,마포구,성산동,월드컵로,40.0,의류잡화,"3,720,020",9828274.0
415,6호선,마포구청역,서울특별시,마포구,성산동,월드컵로,51.0,의류잡화,"4,743,025",9828274.0
416,6호선,마포구청역,서울특별시,마포구,성산동,월드컵로,39.0,편의점,"8,887,786",9828274.0
417,5호선,마포역,서울특별시,마포구,도화동,마포대로,46.6,식품제과,"2,582,786",10206613.0
418,5호선,마포역,서울특별시,마포구,도화동,마포대로,41.13,소매업,"2,638,880",10206613.0
419,5호선,마포역,서울특별시,마포구,도화동,마포대로,17.43,화장품,"4,250,000",10206613.0
420,5호선,마포역,서울특별시,마포구,도화동,마포대로,29.0,편의점,"5,945,871",10206613.0
421,6호선,망원역,서울특별시,마포구,망원동,월드컵로,29.0,화장품,"2,486,148",10597448.0
422,6호선,망원역,서울특별시,마포구,망원동,월드컵로,39.0,식품제과,"3,343,440",10597448.0
423,6호선,망원역,서울특별시,마포구,망원동,월드컵로,50.0,의류잡화,"4,286,462",10597448.0
424,6호선,망원역,서울특별시,마포구,망원동,월드컵로,28.0,편의점,"7,733,234",10597448.0
425,3호선,매봉역,서울특별시,강남구,도곡동,남부순환로,9.41,식품제과,"251,020",7919922.0
426,3호선,매봉역,서울특별시,강남구,도곡동,남부순환로,15.77,식당,"2,360,800",7919922.0
427,3호선,매봉역,서울특별시,강남구,도곡동,남부순환로,16.0,편의점,"2,421,000",7919922.0
428,3호선,매봉역,서울특별시,강남구,도곡동,남부순환로,26.0,화장품,"3,030,000",7919922.0
429,7호선,먹골역,서울특별시,중랑구,묵동,동일로,16.0,소매업,"862,869",7757014.0
430,7호선,먹골역,서울특별시,중랑구,묵동,동일로,16.0,소매업,"862,869",7757014.0
431,7호선,먹골역,서울특별시,중랑구,묵동,동일로,16.0,소매업,"862,869",7757014.0
432,7호선,먹골역,서울특별시,중랑구,묵동,동일로,16.0,소매업,"862,869",7757014.0
433,7호선,먹골역,서울특별시,중랑구,묵동,동일로,16.0,소매업,"862,869",7757014.0
434,7호선,먹골역,서울특별시,중랑구,묵동,동일로,17.0,소매업,"916,798",7757014.0
435,7호선,먹골역,서울특별시,중랑구,묵동,동일로,17.0,소매업,"916,798",7757014.0
436,7호선,먹골역,서울특별시,중랑구,묵동,동일로,35.0,화장품,"1,789,895",7757014.0
437,7호선,먹골역,서울특별시,중랑구,묵동,동일로,35.0,화장품,"1,789,895",7757014.0
438,7호선,먹골역,서울특별시,중랑구,묵동,동일로,34.0,식품제과,"2,019,766",7757014.0
439,7호선,먹골역,서울특별시,중랑구,묵동,동일로,50.0,소매업,"2,686,134",7757014.0
440,7호선,먹골역,서울특별시,중랑구,묵동,동일로,48.0,의류잡화,"2,851,435",7757014.0
441,7호선,먹골역,서울특별시,중랑구,묵동,동일로,57.0,카페,"2,885,528",7757014.0
442,7호선,먹골역,서울특별시,중랑구,묵동,동일로,58.0,의류잡화,"2,936,151",7757014.0
443,7호선,먹골역,서울특별시,중랑구,묵동,동일로,24.38,편의점,"5,328,730",7757014.0
444,7호선,면목역,서울특별시,중랑구,면목동,면목로,29.0,의류잡화,"2,132,026",11670476.0
445,7호선,면목역,서울특별시,중랑구,면목동,면목로,24.0,소매업,"2,928,300",11670476.0
446,7호선,면목역,서울특별시,중랑구,면목동,면목로,45.0,소매업,"3,059,094",11670476.0
447,7호선,면목역,서울특별시,중랑구,면목동,면목로,45.0,소매업,"3,059,094",11670476.0
448,7호선,면목역,서울특별시,중랑구,면목동,면목로,36.0,카페,"4,392,449",11670476.0
449,7호선,면목역,서울특별시,중랑구,면목동,면목로,52.0,화장품,"4,507,333",11670476.0
450,7호선,면목역,서울특별시,중랑구,면목동,면목로,53.0,화장품,"4,594,013",11670476.0
451,7호선,면목역,서울특별시,중랑구,면목동,면목로,42.0,소매업,"5,124,524",11670476.0
452,7호선,면목역,서울특별시,중랑구,면목동,면목로,32.0,식당,"5,600,000",11670476.0
453,7호선,면목역,서울특별시,중랑구,면목동,면목로,45.56,의류잡화,"8,706,792",11670476.0
454,7호선,면목역,서울특별시,중랑구,면목동,면목로,36.08,편의점,"8,888,000",11670476.0
455,7호선,면목역,서울특별시,중랑구,면목동,면목로,107.0,소매업,"9,274,705",11670476.0
456,4호선,명동역,서울특별시,중구,충무로2가,퇴계로,26.0,카페,"17,711,479",29635153.0
457,5호선,명일역,서울특별시,강동구,명일동,양재대로,29.77,식품제과,"2,000,000",6202512.0
458,5호선,명일역,서울특별시,강동구,명일동,양재대로,44.27,의류잡화,"2,300,000",6202512.0
459,5호선,명일역,서울특별시,강동구,명일동,양재대로,30.0,편의점,"5,086,481",6202512.0
460,8호선,모란역,경기도,성남시,수정구,수정구,50.0,편의점,"5,831,070",3178749.0
461,5호선,목동역,서울특별시,양천구,목동,오목로,23.69,화장품,"2,500,000",13702538.0
462,5호선,목동역,서울특별시,양천구,목동,오목로,31.0,의류잡화,"3,139,431",13702538.0
463,5호선,목동역,서울특별시,양천구,목동,오목로,22.8,의류잡화,"6,331,000",13702538.0
464,5호선,목동역,서울특별시,양천구,목동,오목로,26.42,식품제과,"6,918,660",13702538.0
465,5호선,목동역,서울특별시,양천구,목동,오목로,30.0,편의점,"7,015,950",13702538.0
466,5호선,목동역,서울특별시,양천구,목동,오목로,22.98,식품제과,"10,110,000",13702538.0
467,8호선,몽촌토성역,서울특별시,송파구,신천동,올림픽로,36.0,편의점,"7,487,918",5310832.0
468,2호선,문래역,서울특별시,영등포구,문래동3가,당산로,17.83,식품제과,"2,133,300",14275577.0
469,2호선,문래역,서울특별시,영등포구,문래동4가,당산로,42.0,카페,"3,853,705",14275577.0
470,2호선,문래역,서울특별시,영등포구,문래동5가,당산로,28.29,화장품,"4,817,149",14275577.0
471,2호선,문래역,서울특별시,영등포구,문래동6가,당산로,17.0,식품제과,"5,010,000",14275577.0
472,8호선,문정역,서울특별시,송파구,문정동,송파대로,30.0,편의점,"5,552,551",12305513.0
473,4호선,미아사거리역,서울특별시,강북구,미아동,도봉로,22.56,소매업,"1,290,010",21498737.0
474,4호선,미아사거리역,서울특별시,강북구,미아동,도봉로,17.24,식품제과,"1,500,100",21498737.0
475,4호선,미아사거리역,서울특별시,강북구,미아동,도봉로,17.06,의류잡화,"1,665,905",21498737.0
476,4호선,미아사거리역,서울특별시,강북구,미아동,도봉로,18.66,의류잡화,"2,010,000",21498737.0
477,4호선,미아사거리역,서울특별시,강북구,미아동,도봉로,24.02,의류잡화,"2,200,000",21498737.0
478,4호선,미아사거리역,서울특별시,강북구,미아동,도봉로,14.8,의류잡화,"2,600,000",21498737.0
479,4호선,미아사거리역,서울특별시,강북구,미아동,도봉로,12.0,식품제과,"3,010,000",21498737.0
480,4호선,미아사거리역,서울특별시,강북구,미아동,도봉로,33.94,의류잡화,"3,050,000",21498737.0
481,4호선,미아사거리역,서울특별시,강북구,미아동,도봉로,12.0,의류잡화,"3,101,473",21498737.0
482,4호선,미아사거리역,서울특별시,강북구,미아동,도봉로,16.88,화장품,"3,200,000",21498737.0
483,4호선,미아사거리역,서울특별시,강북구,미아동,도봉로,33.76,의류잡화,"3,666,600",21498737.0
484,4호선,미아사거리역,서울특별시,강북구,미아동,도봉로,29.03,의류잡화,"5,380,000",21498737.0
485,4호선,미아사거리역,서울특별시,강북구,미아동,도봉로,13.86,화장품,"8,296,151",21498737.0
486,4호선,미아사거리역,서울특별시,강북구,미아동,도봉로,31.0,식품제과,"8,350,000",21498737.0
487,4호선,미아사거리역,서울특별시,강북구,미아동,도봉로,44.4,의류잡화,"8,600,700",21498737.0
488,4호선,미아사거리역,서울특별시,강북구,미아동,도봉로,24.0,카페,"10,556,897",21498737.0
489,4호선,미아역,서울특별시,강북구,미아동,도봉로,16.46,의류잡화,"546,300",12253637.0
490,4호선,미아역,서울특별시,강북구,미아동,도봉로,17.9,의류잡화,"1,750,000",12253637.0
491,4호선,미아역,서울특별시,강북구,미아동,도봉로,17.0,화장품,"3,700,000",12253637.0
492,7호선,반포역,서울특별시,서초구,잠원동,신반포로,23.8,의류잡화,"1,816,660",4694450.0
493,7호선,반포역,서울특별시,서초구,잠원동,신반포로,40.0,의류잡화,"3,044,360",4694450.0
494,7호선,반포역,서울특별시,서초구,잠원동,신반포로,42.0,의류잡화,"3,549,416",4694450.0
495,7호선,반포역,서울특별시,서초구,잠원동,신반포로,30.0,식당,"3,610,784",4694450.0
496,7호선,반포역,서울특별시,서초구,잠원동,신반포로,43.0,카페,"3,633,926",4694450.0
497,7호선,반포역,서울특별시,서초구,잠원동,신반포로,40.36,편의점,"7,804,830",4694450.0
498,7호선,반포역,서울특별시,서초구,잠원동,신반포로,1260.58,소매업,"15,229,200",4694450.0
499,5호선,발산역,서울특별시,강서구,가양동,공항대로,27.08,식품제과,"3,120,000",12403881.0
500,5호선,발산역,서울특별시,강서구,가양동,공항대로,27.14,의류잡화,"3,250,000",12403881.0
501,5호선,발산역,서울특별시,강서구,가양동,공항대로,33.0,편의점,"6,711,005",12403881.0
502,5호선,발산역,서울특별시,강서구,가양동,공항대로,30.0,의류잡화,"8,000,000",12403881.0
503,2호선,방배역,서울특별시,서초구,방배동,방배로,20.43,식당,"856,080",14863639.0
504,2호선,방배역,서울특별시,서초구,방배동,방배로,18.0,식품제과,"980,000",14863639.0
505,2호선,방배역,서울특별시,서초구,방배동,방배로,19.43,의류잡화,"1,300,000",14863639.0
506,2호선,방배역,서울특별시,서초구,방배동,방배로,19.32,식품제과,"2,712,000",14863639.0
507,2호선,방배역,서울특별시,서초구,방배동,방배로,27.0,화장품,"5,558,775",14863639.0
508,5호선,방이역,서울특별시,송파구,방이동,양재대로,36.48,편의점,"5,832,764",5384445.0
509,5호선,방이역,서울특별시,송파구,방이동,양재대로,25.58,화장품,"12,418,618",5384445.0
510,5호선,방화역,서울특별시,강서구,방화동,금낭화로,19.65,의류잡화,"3,130,000",5334007.0
511,5호선,방화역,서울특별시,강서구,방화동,금낭화로,30.0,편의점,"4,817,020",5334007.0
512,5호선,방화역,서울특별시,강서구,방화동,금낭화로,40.53,화장품,"9,363,837",5334007.0
513,6호선,버티고개역,서울특별시,중구,신당동,다산로,26.0,사무실,"924,030",1740624.0
514,6호선,버티고개역,서울특별시,중구,신당동,다산로,52.0,소매업,"1,240,994",1740624.0
515,7호선,보라매역,서울특별시,동작구,대방동,상도로,32.0,식품제과,"3,755,629",6729384.0
516,7호선,보라매역,서울특별시,동작구,대방동,상도로,38.0,화장품,"4,345,959",6729384.0
517,7호선,보라매역,서울특별시,동작구,대방동,상도로,39.0,의류잡화,"4,460,326",6729384.0
518,7호선,보라매역,서울특별시,동작구,대방동,상도로,27.58,편의점,"5,673,250",6729384.0
519,6호선,보문역,서울특별시,성북구,보문동,보문로,14.1,의류잡화,"825,000",5397167.0
520,6호선,보문역,서울특별시,성북구,보문동,보문로,16.0,소매업,"2,264,273",5397167.0
521,6호선,보문역,서울특별시,성북구,보문동,보문로,24.0,식품제과,"2,823,885",5397167.0
522,6호선,보문역,서울특별시,성북구,보문동,보문로,36.0,의류잡화,"3,020,041",5397167.0
523,6호선,보문역,서울특별시,성북구,보문동,보문로,35.0,편의점,"7,083,036",5397167.0
524,6호선,보문역,서울특별시,성북구,보문동,보문로,43.35,화장품,"9,317,598",5397167.0
525,8호선,복정역,서울특별시,송파구,장지동,송파대로,50.0,편의점,"8,911,248",7741442.0
526,2호선,봉천역,서울툭별시,관악구,봉천동,남부순환로,17.61,의류잡화,"1,814,122",16859449.0
527,2호선,봉천역,서울툭별시,관악구,봉천동,남부순환로,27.81,카페,"5,330,218",16859449.0
528,6호선,봉화산역,서울특별시,중랑구,신내동,신내로,87.0,소매업,"979,716",6891397.0
529,6호선,봉화산역,서울특별시,중랑구,신내동,신내로,87.0,소매업,"979,716",6891397.0
530,6호선,봉화산역,서울특별시,중랑구,신내동,신내로,33.0,의류잡화,"2,045,595",6891397.0
531,6호선,봉화산역,서울특별시,중랑구,신내동,신내로,33.0,의류잡화,"2,045,595",6891397.0
532,6호선,봉화산역,서울특별시,중랑구,신내동,신내로,34.0,식품제과,"2,107,582",6891397.0
533,6호선,봉화산역,서울특별시,중랑구,신내동,신내로,27.0,화장품,"2,255,664",6891397.0
534,6호선,봉화산역,서울특별시,중랑구,신내동,신내로,47.0,편의점,"6,932,114",6891397.0
535,7호선,부천시청역,경기도,부천시,원미구,원미구,21.24,의류잡화,"1,426,000",9313472.0
536,7호선,부천시청역,경기도,부천시,원미구,원미구,24.48,화장품,"2,121,100",9313472.0
537,7호선,부천시청역,경기도,부천시,원미구,원미구,25.56,식품제과,"4,470,000",9313472.0
538,7호선,부천시청역,경기도,부천시,원미구,원미구,41.0,편의점,"15,590,167",9313472.0
539,7호선,부천종합운동장역,경기도,부천시,원미구,원미구,58.0,편의점,"9,028,975",3549971.0
540,7호선,부평구청역,인천광역시,부평구,갈산동,길주로,46.0,편의점,"9,273,967",7782766.0
541,6호선,불광역,서울특별시,은평구,대조동,통일로,34.0,소매업,"600,661",18777922.0
542,3호선,불광역,서울특별시,은평구,대조동,통일로,13.03,사무실,"605,800",18777922.0
543,3호선,불광역,서울특별시,은평구,대조동,통일로,12.99,의류잡화,"684,100",18777922.0
544,3호선,불광역,서울특별시,은평구,대조동,통일로,13.02,의류잡화,"1,101,000",18777922.0
545,6호선,불광역,서울특별시,은평구,대조동,통일로,43.0,사무실,"1,243,887",18777922.0
546,6호선,불광역,서울특별시,은평구,대조동,통일로,30.0,편의점,"1,370,645",18777922.0
547,3호선,불광역,서울특별시,은평구,대조동,통일로,23.0,편의점,"1,470,300",18777922.0
548,3호선,불광역,서울특별시,은평구,대조동,통일로,39.05,식품제과,"1,545,800",18777922.0
549,6호선,불광역,서울특별시,은평구,대조동,통일로,46.0,카페,"1,824,918",18777922.0
550,6호선,불광역,서울특별시,은평구,대조동,통일로,47.0,소매업,"1,864,590",18777922.0
551,3호선,불광역,서울특별시,은평구,대조동,통일로,35.0,의류잡화,"3,247,300",18777922.0
552,3호선,불광역,서울특별시,은평구,대조동,통일로,18.81,화장품,"6,929,948",18777922.0
553,7호선,사가정역,서울특별시,중랑구,면목동,사가정로,30.0,식품제과,"4,084,990",11627376.0
554,7호선,사가정역,서울특별시,중랑구,면목동,사가정로,46.0,의류잡화,"5,431,983",11627376.0
555,7호선,사가정역,서울특별시,중랑구,면목동,사가정로,58.0,화장품,"6,849,023",11627376.0
556,7호선,사가정역,서울특별시,중랑구,면목동,사가정로,32.21,편의점,"8,459,000",11627376.0
557,7호선,사가정역,서울특별시,중랑구,면목동,사가정로,63.0,식당,"8,578,480",11627376.0
558,7호선,사가정역,서울특별시,중랑구,면목동,사가정로,112.0,소매업,"13,225,699",11627376.0
559,7호선,사가정역,서울특별시,중랑구,면목동,사가정로,26.03,의류잡화,"15,254,726",11627376.0
560,2호선,사당역,서울특별시,동작구,사당동,남부순환로,11.45,의류잡화,"922,680",53081616.0
561,4호선,사당역,서울특별시,동작구,사당동,남부순환로,10.0,의류잡화,"1,260,350",53081616.0
562,4호선,사당역,서울특별시,동작구,사당동,남부순환로,12.75,편의점,"1,606,946",53081616.0
563,4호선,사당역,서울특별시,동작구,사당동,남부순환로,12.75,의류잡화,"1,606,946",53081616.0
564,4호선,사당역,서울특별시,동작구,사당동,남부순환로,13.5,소매업,"1,701,472",53081616.0
565,4호선,사당역,서울특별시,동작구,사당동,남부순환로,15.0,의류잡화,"1,890,525",53081616.0
566,4호선,사당역,서울특별시,동작구,사당동,남부순환로,15.0,화장품,"1,890,525",53081616.0
567,4호선,사당역,서울특별시,동작구,사당동,남부순환로,20.0,식품제과,"2,520,699",53081616.0
568,4호선,사당역,서울특별시,동작구,사당동,남부순환로,15.5,소매업,"2,685,100",53081616.0
569,4호선,사당역,서울특별시,동작구,사당동,남부순환로,31.0,의류잡화,"2,877,573",53081616.0
570,4호선,사당역,서울특별시,동작구,사당동,남부순환로,23.1,의류잡화,"2,911,408",53081616.0
571,4호선,사당역,서울특별시,동작구,사당동,남부순환로,15.5,의류잡화,"3,567,700",53081616.0
572,4호선,사당역,서울특별시,동작구,사당동,남부순환로,30.7,카페,"3,640,207",53081616.0
573,4호선,사당역,서울특별시,동작구,사당동,남부순환로,22.0,의류잡화,"3,710,000",53081616.0
574,4호선,사당역,서울특별시,동작구,사당동,남부순환로,30.7,의류잡화,"3,716,600",53081616.0
575,4호선,사당역,서울특별시,동작구,사당동,남부순환로,30.2,의류잡화,"4,288,400",53081616.0
576,4호선,사당역,서울특별시,동작구,사당동,남부순환로,30.7,화장품,"4,466,000",53081616.0
577,2호선,사당역,서울특별시,동작구,사당동,남부순환로,15.3,식품제과,"4,500,000",53081616.0
578,4호선,사당역,서울특별시,동작구,사당동,남부순환로,25.8,의류잡화,"4,500,000",53081616.0
579,4호선,사당역,서울특별시,동작구,사당동,남부순환로,30.7,의류잡화,"4,510,000",53081616.0
580,4호선,사당역,서울특별시,동작구,사당동,남부순환로,30.7,의류잡화,"4,533,800",53081616.0
581,4호선,사당역,서울특별시,동작구,사당동,남부순환로,30.7,의류잡화,"4,570,159",53081616.0
582,4호선,사당역,서울특별시,동작구,사당동,남부순환로,33.8,소매업,"5,673,300",53081616.0
583,2호선,사당역,서울특별시,동작구,사당동,남부순환로,22.0,의류잡화,"6,020,000",53081616.0
584,2호선,사당역,서울특별시,동작구,사당동,남부순환로,20.2,의류잡화,"6,091,880",53081616.0
585,4호선,사당역,서울특별시,동작구,사당동,남부순환로,31.0,식품제과,"6,217,300",53081616.0
586,4호선,사당역,서울특별시,동작구,사당동,남부순환로,29.4,소매업,"6,938,962",53081616.0
587,2호선,사당역,서울특별시,동작구,사당동,남부순환로,14.96,식품제과,"8,025,200",53081616.0
588,4호선,사당역,서울특별시,동작구,사당동,남부순환로,60.0,소매업,"8,033,100",53081616.0
589,2호선,사당역,서울특별시,동작구,사당동,남부순환로,12.84,식당,"8,196,400",53081616.0
590,4호선,사당역,서울특별시,동작구,사당동,남부순환로,24.8,카페,"8,399,436",53081616.0
591,4호선,사당역,서울특별시,동작구,사당동,남부순환로,92.1,의류잡화,"9,300,000",53081616.0
592,4호선,사당역,서울특별시,동작구,사당동,남부순환로,93.0,의류잡화,"9,501,000",53081616.0
593,4호선,사당역,서울특별시,동작구,사당동,남부순환로,62.0,화장품,"10,256,200",53081616.0
594,2호선,사당역,서울특별시,동작구,사당동,남부순환로,20.5,편의점,"11,830,200",53081616.0
595,2호선,사당역,서울특별시,동작구,사당동,남부순환로,26.4,화장품,"12,034,000",53081616.0
596,4호선,사당역,서울특별시,동작구,사당동,남부순환로,62.6,의류잡화,"12,800,200",53081616.0
597,2호선,사당역,서울특별시,동작구,사당동,남부순환로,65.5,의류잡화,"17,123,210",53081616.0
598,2호선,사당역,서울특별시,동작구,사당동,남부순환로,23.0,카페,"20,161,146",53081616.0
599,4호선,사당역,서울특별시,동작구,사당동,남부순환로,88.0,의류잡화,"22,032,375",53081616.0
600,2호선,사당역,서울특별시,동작구,사당동,남부순환로,57.72,화장품,"33,952,646",53081616.0
601,4호선,사당역,서울특별시,동작구,사당동,남부순환로,861.0,의류잡화,"68,407,100",53081616.0
602,4호선,사당역,서울특별시,동작구,사당동,남부순환로,408.0,의류잡화,"81,712,900",53081616.0
603,8호선,산성역,경기도,성남시,수정구,수정구,30.0,편의점,"6,116,450",4176932.0
604,6호선,삼각지역,서울특별시,용산구,한강로1가,한강대로,30.0,소매업,"1,531,097",8748623.0
605,6호선,삼각지역,서울특별시,용산구,한강로2가,한강대로,258.2,사무실,"1,731,200",8748623.0
606,6호선,삼각지역,서울특별시,용산구,한강로3가,한강대로,26.0,소매업,"1,799,366",8748623.0
607,6호선,삼각지역,서울특별시,용산구,한강로4가,한강대로,38.0,소매업,"1,939,389",8748623.0
608,6호선,삼각지역,서울특별시,용산구,한강로5가,한강대로,40.0,화장품,"2,380,328",8748623.0
609,6호선,삼각지역,서울특별시,용산구,한강로6가,한강대로,46.0,식품제과,"2,737,377",8748623.0
610,6호선,삼각지역,서울특별시,용산구,한강로7가,한강대로,125.0,소매업,"3,577,208",8748623.0
611,6호선,삼각지역,서울특별시,용산구,한강로8가,한강대로,31.8,편의점,"6,767,033",8748623.0
612,7호선,삼산체육관역,인천광역시,부평구,삼산동,길주로,37.0,편의점,"7,648,343",3762415.0
613,2호선,삼성역,서울특별시,강남구,삼성동,테헤란로,37.83,화장품,"13,684,355",43642302.0
614,4호선,상계역,서울특별시,노원구,상계동,상계로,26.2,식품제과,"1,450,100",14727131.0
615,4호선,상계역,서울특별시,노원구,상계동,상계로,21.5,의류잡화,"2,050,000",14727131.0
616,4호선,상계역,서울특별시,노원구,상계동,상계로,21.5,의류잡화,"2,359,300",14727131.0
617,4호선,상계역,서울특별시,노원구,상계동,상계로,32.16,카페,"5,678,722",14727131.0
618,4호선,상계역,서울특별시,노원구,상계동,상계로,100.0,소매업,"7,410,300",14727131.0
619,7호선,상도역,서울특별시,동작구,상도1동,상도로,26.0,의류잡화,"2,678,076",8219380.0
620,7호선,상도역,서울특별시,동작구,상도2동,상도로,34.0,화장품,"3,228,114",8219380.0
621,7호선,상도역,서울특별시,동작구,상도3동,상도로,25.2,식품제과,"3,517,000",8219380.0
622,7호선,상도역,서울특별시,동작구,상도4동,상도로,50.0,의류잡화,"4,747,226",8219380.0
623,7호선,상도역,서울특별시,동작구,상도5동,상도로,112.57,편의점,"18,103,470",8219380.0
624,7호선,상동역,경기도,부천시,원미구,원미구,42.02,식품제과,"8,053,000",10875617.0
625,7호선,상동역,경기도,부천시,원미구,원미구,35.0,편의점,"14,559,160",10875617.0
626,7호선,상봉역,서울특별시,중랑구,상봉동,망우로,52.0,의류잡화,"3,169,638",12529012.0
627,7호선,상봉역,서울특별시,중랑구,상봉동,망우로,53.0,의류잡화,"3,230,593",12529012.0
628,7호선,상봉역,서울특별시,중랑구,상봉동,망우로,78.0,화장품,"4,754,458",12529012.0
629,7호선,상봉역,서울특별시,중랑구,상봉동,망우로,74.0,소매업,"6,054,960",12529012.0
630,7호선,상봉역,서울특별시,중랑구,상봉동,망우로,43.09,화장품,"9,654,037",12529012.0
631,7호선,상봉역,서울특별시,중랑구,상봉동,망우로,60.0,의류잡화,"10,544,110",12529012.0
632,7호선,상봉역,서울특별시,중랑구,상봉동,망우로,144.0,소매업,"12,095,043",12529012.0
633,7호선,상봉역,서울특별시,중랑구,상봉동,망우로,45.48,편의점,"12,126,840",12529012.0
634,6호선,상수역,서울특별시,마포구,상수동,독막로,29.0,소매업,"2,725,594",8539503.0
635,6호선,상수역,서울특별시,마포구,상수동,독막로,33.0,의류잡화,"3,478,200",8539503.0
636,6호선,상수역,서울특별시,마포구,상수동,독막로,33.0,식품제과,"3,478,200",8539503.0
637,6호선,상수역,서울특별시,마포구,상수동,독막로,38.0,화장품,"3,571,468",8539503.0
638,6호선,상수역,서울특별시,마포구,상수동,독막로,41.0,의류잡화,"3,853,426",8539503.0
639,6호선,상수역,서울특별시,마포구,상수동,독막로,38.0,화장품,"3,957,296",8539503.0
640,6호선,상수역,서울특별시,마포구,상수동,독막로,35.0,편의점,"10,415,664",8539503.0
641,2호선,상왕십리역,서울특별시,성동구,하왕십리동,왕십리로,30.0,식품제과,"1,361,800",10091976.0
642,2호선,상왕십리역,서울특별시,성동구,하왕십리동,왕십리로,37.0,편의점,"6,161,600",10091976.0
643,2호선,상왕십리역,서울특별시,성동구,하왕십리동,왕십리로,30.6,화장품,"6,190,489",10091976.0
644,6호선,상월곡역,서울특별시,성북구,상월곡동,화랑로,62.0,소매업,"1,197,809",4557561.0
645,6호선,상월곡역,서울특별시,성북구,상월곡동,화랑로,39.0,소매업,"1,490,805",4557561.0
646,6호선,상월곡역,서울특별시,성북구,상월곡동,화랑로,40.0,소매업,"1,529,030",4557561.0
647,6호선,상월곡역,서울특별시,성북구,상월곡동,화랑로,47.0,카페,"1,548,970",4557561.0
648,6호선,상월곡역,서울특별시,성북구,상월곡동,화랑로,48.0,카페,"1,581,926",4557561.0
649,6호선,상월곡역,서울특별시,성북구,상월곡동,화랑로,160.0,소매업,"3,091,121",4557561.0
650,6호선,상월곡역,서울특별시,성북구,상월곡동,화랑로,38.4,편의점,"4,299,077",4557561.0
651,5호선,상일동역,서울특별시,강동구,상일동,고덕로,31.46,편의점,"5,759,577",8453862.0
652,5호선,상일동역,서울특별시,강동구,상일동,고덕로,17.92,의류잡화,"21,600,000",8453862.0
653,6호선,새절역,서울특별시,은평구,신사동,증산로,26.0,화장품,"1,907,408",9819776.0
654,6호선,새절역,서울특별시,은평구,신사동,증산로,39.0,소매업,"2,861,111",9819776.0
655,6호선,새절역,서울특별시,은평구,신사동,증산로,48.0,식품제과,"3,521,368",9819776.0
656,6호선,새절역,서울특별시,은평구,신사동,증산로,30.14,의류잡화,"3,865,545",9819776.0
657,6호선,새절역,서울특별시,은평구,신사동,증산로,43.6,식품제과,"4,846,428",9819776.0
658,6호선,새절역,서울특별시,은평구,신사동,증산로,100.0,소매업,"7,336,183",9819776.0
659,6호선,새절역,서울특별시,은평구,신사동,증산로,25.0,편의점,"8,914,678",9819776.0
660,5호선,서대문역,서울특별시,종로구,평동,통일로,8.25,소매업,"500,000",12634977.0
661,5호선,서대문역,서울특별시,종로구,평동,통일로,9.06,의류잡화,"550,000",12634977.0
662,5호선,서대문역,서울특별시,종로구,평동,통일로,9.05,식품제과,"600,000",12634977.0
663,5호선,서대문역,서울특별시,종로구,평동,통일로,10.5,의류잡화,"610,000",12634977.0
664,5호선,서대문역,서울특별시,종로구,평동,통일로,10.5,식당,"2,500,000",12634977.0
665,5호선,서대문역,서울특별시,종로구,평동,통일로,11.88,식품제과,"2,710,000",12634977.0
666,5호선,서대문역,서울특별시,종로구,평동,통일로,42.95,의류잡화,"5,021,000",12634977.0
667,5호선,서대문역,서울특별시,종로구,평동,통일로,30.32,편의점,"5,124,183",12634977.0
668,2호선,서울대입구역,서울특별시,관악구,봉천동,남부순환로,14.0,카페,"8,262,765",38444666.0
669,2호선,서울대입구역,서울특별시,관악구,봉천동,남부순환로,29.26,카페,"9,284,039",38444666.0
670,2호선,서울대입구역,서울특별시,관악구,봉천동,남부순환로,26.64,의류잡화,"12,222,200",38444666.0
671,4호선,서울역,서울특별시,중구,봉래동2가,세종대로,14.5,소매업,"595,600",75123.0
672,4호선,서울역,서울특별시,중구,봉래동3가,세종대로,17.5,소매업,"666,700",75123.0
673,4호선,서울역,서울특별시,중구,봉래동4가,세종대로,32.3,의류잡화,"2,870,100",75123.0
674,1호선,서울역,서울특별시,중구,봉래동5가,세종대로,12.0,카페,"5,178,550",75123.0
675,4호선,서울역,서울특별시,중구,봉래동6가,세종대로,31.77,의류잡화,"9,000,000",75123.0
676,1호선,서울역,서울특별시,중구,봉래동7가,세종대로,41.3,화장품,"17,414,416",75123.0
677,2호선,서초역,서울특별시,서초구,서초동,서초대로,17.8,의류잡화,"1,800,900",16619311.0
678,2호선,서초역,서울특별시,서초구,서초동,서초대로,21.82,의류잡화,"2,248,172",16619311.0
679,2호선,서초역,서울특별시,서초구,서초동,서초대로,16.0,의류잡화,"2,673,831",16619311.0
680,2호선,서초역,서울특별시,서초구,서초동,서초대로,20.6,카페,"3,172,280",16619311.0
681,2호선,서초역,서울특별시,서초구,서초동,서초대로,32.02,의류잡화,"5,225,000",16619311.0
682,2호선,서초역,서울특별시,서초구,서초동,서초대로,32.02,편의점,"11,337,700",16619311.0
683,6호선,석계역,서울특별시,노원구,월계동,화랑로,17.0,소매업,"547,971",9799670.0
684,6호선,석계역,서울특별시,노원구,월계동,화랑로,17.0,소매업,"547,971",9799670.0
685,6호선,석계역,서울특별시,노원구,월계동,화랑로,17.0,소매업,"547,971",9799670.0
686,6호선,석계역,서울특별시,노원구,월계동,화랑로,29.0,카페,"934,775",9799670.0
687,6호선,석계역,서울특별시,노원구,월계동,화랑로,33.0,소매업,"1,063,709",9799670.0
688,6호선,석계역,서울특별시,노원구,월계동,화랑로,30.0,소매업,"1,611,573",9799670.0
689,6호선,석계역,서울특별시,노원구,월계동,화랑로,63.0,소매업,"2,276,340",9799670.0
690,6호선,석계역,서울특별시,노원구,월계동,화랑로,64.0,소매업,"2,312,473",9799670.0
691,6호선,석계역,서울특별시,노원구,월계동,화랑로,72.0,식품제과,"2,439,836",9799670.0
692,6호선,석계역,서울특별시,노원구,월계동,화랑로,33.0,화장품,"2,591,581",9799670.0
693,6호선,석계역,서울특별시,노원구,월계동,화랑로,33.0,의류잡화,"2,591,581",9799670.0
694,6호선,석계역,서울특별시,노원구,월계동,화랑로,41.0,카페,"3,045,560",9799670.0
695,6호선,석계역,서울특별시,노원구,월계동,화랑로,41.0,카페,"3,045,560",9799670.0
696,6호선,석계역,서울특별시,노원구,월계동,화랑로,66.0,소매업,"3,545,460",9799670.0
697,6호선,석계역,서울특별시,노원구,월계동,화랑로,49.0,의류잡화,"3,848,104",9799670.0
698,6호선,석계역,서울특별시,노원구,월계동,화랑로,25.7,식품제과,"4,900,302",9799670.0
699,6호선,석계역,서울특별시,노원구,월계동,화랑로,110.0,소매업,"8,171,014",9799670.0
700,6호선,석계역,서울특별시,노원구,월계동,화랑로,58.0,편의점,"16,162,081",9799670.0
701,8호선,석촌역,서울특별시,송파구,석촌동,송파대로,30.0,소매업,"2,500,000",6790870.0
702,8호선,석촌역,서울특별시,송파구,석촌동,송파대로,38.0,편의점,"9,780,832",6790870.0
703,2호선,선릉역,서울특별시,강남구,삼성동,테헤란로,18.48,소매업,"3,558,605",36949618.0
704,2호선,선릉역,서울특별시,강남구,삼성동,테헤란로,19.0,소매업,"3,658,738",36949618.0
705,2호선,선릉역,서울특별시,강남구,삼성동,테헤란로,20.0,소매업,"3,851,304",36949618.0
706,2호선,선릉역,서울특별시,강남구,삼성동,테헤란로,20.0,소매업,"3,851,304",36949618.0
707,2호선,선릉역,서울특별시,강남구,삼성동,테헤란로,16.0,의류잡화,"4,567,000",36949618.0
708,2호선,선릉역,서울특별시,강남구,삼성동,테헤란로,24.1,소매업,"4,640,821",36949618.0
709,2호선,선릉역,서울특별시,강남구,삼성동,테헤란로,34.46,소매업,"6,635,797",36949618.0
710,2호선,선릉역,서울특별시,강남구,삼성동,테헤란로,19.48,의류잡화,"6,733,300",36949618.0
711,2호선,선릉역,서울특별시,강남구,삼성동,테헤란로,16.0,카페,"6,766,430",36949618.0
712,2호선,선릉역,서울특별시,강남구,삼성동,테헤란로,20.21,의류잡화,"8,286,429",36949618.0
713,2호선,선릉역,서울특별시,강남구,삼성동,테헤란로,13.0,카페,"8,923,786",36949618.0
714,2호선,선릉역,서울특별시,강남구,삼성동,테헤란로,18.3,소매업,"9,770,951",36949618.0
715,2호선,선릉역,서울특별시,강남구,삼성동,테헤란로,24.34,화장품,"10,550,000",36949618.0
716,2호선,선릉역,서울특별시,강남구,삼성동,테헤란로,38.03,화장품,"23,355,245",36949618.0
717,2호선,성수역,서울특별시,성동구,성수동2가,아차산로,32.76,식품제과,"550,000",20542580.0
718,2호선,성수역,서울특별시,성동구,성수동3가,아차산로,16.28,식품제과,"1,712,000",20542580.0
719,2호선,성수역,서울특별시,성동구,성수동4가,아차산로,21.3,의류잡화,"2,814,300",20542580.0
720,2호선,성수역,서울특별시,성동구,성수동5가,아차산로,22.8,식당,"4,800,000",20542580.0
721,2호선,성수역,서울특별시,성동구,성수동6가,아차산로,28.4,화장품,"8,183,257",20542580.0
722,4호선,성신여대입구역,서울특별시,성북구,동선동4가,동소문로,16.5,의류잡화,"1,160,379",17714873.0
723,4호선,성신여대입구역,서울특별시,성북구,동선동5가,동소문로,21.09,식품제과,"1,216,760",17714873.0
724,4호선,성신여대입구역,서울특별시,성북구,동선동6가,동소문로,19.7,식품제과,"1,609,300",17714873.0
725,4호선,성신여대입구역,서울특별시,성북구,동선동7가,동소문로,16.0,카페,"2,774,250",17714873.0
726,4호선,성신여대입구역,서울특별시,성북구,동선동8가,동소문로,30.8,카페,"4,458,833",17714873.0
727,4호선,성신여대입구역,서울특별시,성북구,동선동9가,동소문로,32.47,의류잡화,"4,630,000",17714873.0
728,5호선,송정역,서울특별시,강서구,공항동,공항대로,16.2,의류잡화,"1,051,000",6695082.0
729,5호선,송정역,서울특별시,강서구,공항동,공항대로,70.51,의류잡화,"2,300,000",6695082.0
730,5호선,송정역,서울특별시,강서구,공항동,공항대로,21.87,식품제과,"2,563,730",6695082.0
731,5호선,송정역,서울특별시,강서구,공항동,공항대로,42.37,편의점,"6,689,936",6695082.0
732,8호선,송파역,서울특별시,송파구,가락동,송파대로,27.15,식품제과,"1,712,000",3975113.0
733,8호선,송파역,서울특별시,송파구,가락동,송파대로,32.2,편의점,"5,517,976",3975113.0
734,7호선,수락산역,서울특별시,노원구,상계동,동일로,28.0,의류잡화,"1,102,142",10048777.0
735,7호선,수락산역,서울특별시,노원구,상계동,동일로,30.0,의류잡화,"1,180,866",10048777.0
736,7호선,수락산역,서울특별시,노원구,상계동,동일로,43.0,화장품,"1,572,628",10048777.0
737,7호선,수락산역,서울특별시,노원구,상계동,동일로,44.0,화장품,"1,609,201",10048777.0
738,7호선,수락산역,서울특별시,노원구,상계동,동일로,44.0,식품제과,"1,609,201",10048777.0
739,7호선,수락산역,서울특별시,노원구,상계동,동일로,40.08,화장품,"2,100,000",10048777.0
740,7호선,수락산역,서울특별시,노원구,상계동,동일로,100.0,소매업,"3,460,981",10048777.0
741,7호선,수락산역,서울특별시,노원구,상계동,동일로,37.88,편의점,"7,021,080",10048777.0
742,3호선,수서역,서울특별시,강남구,수서동,광평로,20.1,의류잡화,"722,870",13361783.0
743,3호선,수서역,서울특별시,강남구,수서동,광평로,20.1,편의점,"1,194,300",13361783.0
744,3호선,수서역,서울특별시,강남구,수서동,광평로,21.0,화장품,"1,720,000",13361783.0
745,3호선,수서역,서울특별시,강남구,수서동,광평로,38.9,카페,"1,849,771",13361783.0
746,3호선,수서역,서울특별시,강남구,수서동,광평로,21.0,의료,"2,640,000",13361783.0
747,3호선,수서역,서울특별시,강남구,수서동,광평로,28.28,소매업,"3,019,900",13361783.0
748,3호선,수서역,서울특별시,강남구,수서동,광평로,24.0,식품제과,"3,523,300",13361783.0
749,3호선,수서역,서울특별시,강남구,수서동,광평로,24.0,의류잡화,"7,302,800",13361783.0
750,3호선,수서역,서울특별시,강남구,수서동,광평로,27.54,화장품,"10,150,000",13361783.0
751,4호선,수유역,서울특별시,강북구,수유동,도봉로,18.43,의류잡화,"1,093,920",28142382.0
752,4호선,수유역,서울특별시,강북구,수유동,도봉로,18.67,의류잡화,"1,280,850",28142382.0
753,4호선,수유역,서울특별시,강북구,수유동,도봉로,13.4,의류잡화,"1,772,817",28142382.0
754,4호선,수유역,서울특별시,강북구,수유동,도봉로,12.0,의류잡화,"5,581,048",28142382.0
755,4호선,수유역,서울특별시,강북구,수유동,도봉로,23.0,편의점,"10,108,400",28142382.0
756,4호선,수유역,서울특별시,강북구,수유동,도봉로,22.42,식품제과,"12,021,600",28142382.0
757,8호선,수진역,경기도,성남시,수정구,수정구,40.0,편의점,"5,575,875",3896951.0
758,4호선,숙대입구역,서울특별시,용산구,갈월동,한강대로,9.8,식품제과,"1,672,600",12022764.0
759,4호선,숙대입구역,서울특별시,용산구,갈월동,한강대로,24.7,화장품,"3,500,000",12022764.0
760,7호선,숭실대입구역,서울특별시,동작구,상도동,상도로,116.0,사무실,"1,127,100",11242252.0
761,7호선,숭실대입구역,서울특별시,동작구,상도동,상도로,42.0,소매업,"1,300,000",11242252.0
762,7호선,숭실대입구역,서울특별시,동작구,상도동,상도로,28.0,의류잡화,"2,473,310",11242252.0
763,7호선,숭실대입구역,서울특별시,동작구,상도동,상도로,30.0,화장품,"2,649,975",11242252.0
764,7호선,숭실대입구역,서울특별시,동작구,상도동,상도로,22.02,식품제과,"2,762,795",11242252.0
765,7호선,숭실대입구역,서울특별시,동작구,상도동,상도로,35.7,의류잡화,"3,000,000",11242252.0
766,7호선,숭실대입구역,서울특별시,동작구,상도동,상도로,39.29,편의점,"9,413,140",11242252.0
767,2호선,시청역,서울특별시,중구,정동,세종대로,11.9,의류잡화,"530,500",35557058.0
768,2호선,시청역,서울특별시,중구,정동,세종대로,11.9,소매업,"684,800",35557058.0
769,2호선,시청역,서울특별시,중구,정동,세종대로,17.2,의류잡화,"850,000",35557058.0
770,2호선,시청역,서울특별시,중구,정동,세종대로,14.6,의류잡화,"1,563,100",35557058.0
771,2호선,시청역,서울특별시,중구,정동,세종대로,15.7,의류잡화,"1,780,900",35557058.0
772,2호선,시청역,서울특별시,중구,정동,세종대로,14.6,의류잡화,"1,929,700",35557058.0
773,2호선,시청역,서울특별시,중구,정동,세종대로,29.2,의류잡화,"3,110,000",35557058.0
774,1호선,시청역,서울특별시,중구,정동,세종대로,25.0,카페,"6,164,224",35557058.0
775,5호선,신금호역,서울특별시,성동구,금호동2가,금호로,23.5,의류잡화,"1,700,000",4650208.0
776,5호선,신금호역,서울특별시,성동구,금호동3가,금호로,39.14,편의점,"5,585,481",4650208.0
777,5호선,신길역,서울특별시,영등포구,영등포동1가,경인로,10.0,의류잡화,"7,800,000",2605613.0
778,5호선,신길역,서울특별시,영등포구,영등포동2가,경인로,20.0,식품제과,"12,500,000",2605613.0
779,2호선,신당역,서울특별시,중구,신당동,퇴계로,11.0,소매업,"850,000",17843483.0
780,6호선,신당역,서울특별시,중구,신당동,퇴계로,26.0,식품제과,"993,870",17843483.0
781,6호선,신당역,서울특별시,중구,신당동,퇴계로,30.0,화장품,"1,953,415",17843483.0
782,6호선,신당역,서울특별시,중구,신당동,퇴계로,33.0,식당,"2,148,757",17843483.0
783,6호선,신당역,서울특별시,중구,신당동,퇴계로,40.0,식당,"2,604,554",17843483.0
784,6호선,신당역,서울특별시,중구,신당동,퇴계로,30.0,의류잡화,"3,780,000",17843483.0
785,6호선,신당역,서울특별시,중구,신당동,퇴계로,34.1,식품제과,"3,922,883",17843483.0
786,6호선,신당역,서울특별시,중구,신당동,퇴계로,40.0,편의점,"7,397,913",17843483.0
787,7호선,신대방삼거리역,서울특별시,동작구,대방동,상도로,27.0,화장품,"1,960,981",11889540.0
788,7호선,신대방삼거리역,서울특별시,동작구,대방동,상도로,43.0,사무실,"3,123,044",11889540.0
789,7호선,신대방삼거리역,서울특별시,동작구,대방동,상도로,43.0,사무실,"3,123,044",11889540.0
790,7호선,신대방삼거리역,서울특별시,동작구,대방동,상도로,42.0,화장품,"3,497,347",11889540.0
791,7호선,신대방삼거리역,서울특별시,동작구,대방동,상도로,42.0,식품제과,"3,497,347",11889540.0
792,7호선,신대방삼거리역,서울특별시,동작구,대방동,상도로,42.0,식품제과,"3,497,347",11889540.0
793,7호선,신대방삼거리역,서울특별시,동작구,대방동,상도로,49.0,사무실,"3,558,818",11889540.0
794,7호선,신대방삼거리역,서울특별시,동작구,대방동,상도로,61.0,식품제과,"4,575,313",11889540.0
795,7호선,신대방삼거리역,서울특별시,동작구,대방동,상도로,55.0,의류잡화,"5,040,118",11889540.0
796,7호선,신대방삼거리역,서울특별시,동작구,대방동,상도로,51.49,편의점,"11,169,180",11889540.0
797,2호선,신대방역,서울특별시,동작구,신대방동,대림로,24.9,의류잡화,"4,833,300",20611270.0
798,2호선,신대방역,서울특별시,동작구,신대방동,대림로,240.3,의류잡화,"25,547,700",20611270.0
799,2호선,신도림역,서울특별시,동작구,신대방동,대림로,27.4,의류잡화,"4,231,383",43585349.0
800,2호선,신도림역,서울특별시,동작구,신대방동,대림로,22.5,식품제과,"4,641,400",43585349.0
801,2호선,신도림역,서울특별시,동작구,신대방동,대림로,22.5,의류잡화,"5,652,200",43585349.0
802,2호선,신도림역,서울특별시,동작구,신대방동,대림로,44.6,식품제과,"7,512,000",43585349.0
803,2호선,신도림역,서울특별시,동작구,신대방동,대림로,12.0,카페,"7,891,508",43585349.0
804,2호선,신도림역,서울특별시,동작구,신대방동,대림로,25.0,편의점,"13,213,100",43585349.0
805,2호선,신도림역,서울특별시,동작구,신대방동,대림로,24.13,화장품,"13,500,000",43585349.0
806,2호선,신도림역,서울특별시,동작구,신대방동,대림로,85.5,의류잡화,"33,300,000",43585349.0
807,2호선,신림역,서울특별시,관악구,신림동,남부순환로,8.0,카페,"3,921,680",50621572.0
808,2호선,신림역,서울특별시,관악구,신림동,남부순환로,14.0,의류잡화,"5,010,000",50621572.0
809,2호선,신림역,서울특별시,관악구,신림동,남부순환로,13.0,식품제과,"5,783,900",50621572.0
810,2호선,신림역,서울특별시,관악구,신림동,남부순환로,16.0,식당,"7,527,000",50621572.0
811,2호선,신림역,서울특별시,관악구,신림동,남부순환로,15.0,카페,"13,764,794",50621572.0
812,3호선,신사역,서울특별시,강남구,신사동,도산대로,17.36,의류잡화,"887,470",24282489.0
813,3호선,신사역,서울특별시,강남구,신사동,도산대로,18.2,카페,"891,400",24282489.0
814,3호선,신사역,서울특별시,강남구,신사동,도산대로,23.7,의류잡화,"2,844,063",24282489.0
815,3호선,신사역,서울특별시,강남구,신사동,도산대로,23.7,의류잡화,"3,284,815",24282489.0
816,3호선,신사역,서울특별시,강남구,신사동,도산대로,23.7,의류잡화,"4,410,000",24282489.0
817,3호선,신사역,서울특별시,강남구,신사동,도산대로,23.7,소매업,"4,500,000",24282489.0
818,3호선,신사역,서울특별시,강남구,신사동,도산대로,16.0,카페,"5,190,960",24282489.0
819,3호선,신사역,서울특별시,강남구,신사동,도산대로,23.7,화장품,"5,561,000",24282489.0
820,3호선,신사역,서울특별시,강남구,신사동,도산대로,23.7,소매업,"6,483,300",24282489.0
821,3호선,신사역,서울특별시,강남구,신사동,도산대로,29.06,카페,"6,915,082",24282489.0
822,3호선,신사역,서울특별시,강남구,신사동,도산대로,25.39,의류잡화,"8,050,000",24282489.0
823,3호선,신사역,서울특별시,강남구,신사동,도산대로,47.4,의류잡화,"10,010,000",24282489.0
824,3호선,신사역,서울특별시,강남구,신사동,도산대로,31.3,편의점,"11,961,600",24282489.0
825,4호선,신용산역,서울특별시,용산구,한강로2가,한강대로,17.5,소매업,"551,000",11597091.0
826,4호선,신용산역,서울특별시,용산구,한강로3가,한강대로,15.5,소매업,"631,000",11597091.0
827,4호선,신용산역,서울특별시,용산구,한강로4가,한강대로,15.3,소매업,"710,100",11597091.0
828,4호선,신용산역,서울특별시,용산구,한강로5가,한강대로,15.5,소매업,"716,500",11597091.0
829,4호선,신용산역,서울특별시,용산구,한강로6가,한강대로,15.3,식품제과,"802,000",11597091.0
830,4호선,신용산역,서울특별시,용산구,한강로7가,한강대로,15.5,편의점,"860,000",11597091.0
831,4호선,신용산역,서울특별시,용산구,한강로8가,한강대로,31.0,의류잡화,"1,410,800",11597091.0
832,4호선,신용산역,서울특별시,용산구,한강로9가,한강대로,17.8,식품제과,"1,500,000",11597091.0
833,4호선,신용산역,서울특별시,용산구,한강로10가,한강대로,11.4,카페,"1,532,800",11597091.0
834,4호선,신용산역,서울특별시,용산구,한강로11가,한강대로,23.76,소매업,"1,600,000",11597091.0
835,4호선,신용산역,서울특별시,용산구,한강로12가,한강대로,16.95,식품제과,"2,617,800",11597091.0
836,2호선,신정네거리역,서울특별시,양천구,신정동,중앙로,42.45,카페,"2,589,402",7122856.0
837,5호선,신정역,서울특별시,양천구,신정동,오목로,24.0,편의점,"4,548,669",9512381.0
838,7호선,신중동역,경기도,부천시,원미구,원미구,65.0,편의점,"20,403,240",10508678.0
839,2호선,신촌역,서울특별시,마포구,노고산동,신촌로,9.8,의류잡화,"8,100,200",35918861.0
840,2호선,신촌역,서울특별시,마포구,노고산동,신촌로,21.0,의류잡화,"9,500,200",35918861.0
841,2호선,신촌역,서울특별시,마포구,노고산동,신촌로,13.2,식당,"12,000,200",35918861.0
842,2호선,신촌역,서울특별시,마포구,노고산동,신촌로,32.0,의류잡화,"18,300,200",35918861.0
843,2호선,신촌역,서울특별시,마포구,노고산동,신촌로,44.42,편의점,"18,581,100",35918861.0
844,2호선,신촌역,서울특별시,마포구,노고산동,신촌로,30.17,의류잡화,"19,000,000",35918861.0
845,2호선,신촌역,서울특별시,마포구,노고산동,신촌로,18.0,카페,"20,472,215",35918861.0
846,2호선,신촌역,서울특별시,마포구,노고산동,신촌로,33.0,화장품,"43,165,260",35918861.0
847,7호선,신풍역,서울특별시,영등포구,신길동,신풍로,30.0,사무실,"2,556,993",8490345.0
848,7호선,신풍역,서울특별시,영등포구,신길동,신풍로,30.0,화장품,"2,994,007",8490345.0
849,7호선,신풍역,서울특별시,영등포구,신길동,신풍로,46.0,소매업,"3,702,113",8490345.0
850,7호선,신풍역,서울특별시,영등포구,신길동,신풍로,47.0,화장품,"3,782,594",8490345.0
851,7호선,신풍역,서울특별시,영등포구,신길동,신풍로,40.0,식품제과,"3,992,009",8490345.0
852,7호선,신풍역,서울특별시,영등포구,신길동,신풍로,45.0,화장품,"4,491,010",8490345.0
853,7호선,신풍역,서울특별시,영등포구,신길동,신풍로,45.0,화장품,"4,491,010",8490345.0
854,7호선,신풍역,서울특별시,영등포구,신길동,신풍로,32.82,편의점,"6,953,210",8490345.0
855,8호선,신흥역,경기도,성남시,수정구,수정구,40.0,편의점,"6,124,682",3565857.0
856,4호선,쌍문역,서울특별시,도봉구,창동,도봉로,18.48,의류잡화,"805,070",22805419.0
857,4호선,쌍문역,서울특별시,도봉구,창동,도봉로,20.4,의류잡화,"1,222,397",22805419.0
858,4호선,쌍문역,서울특별시,도봉구,창동,도봉로,16.55,의류잡화,"1,616,105",22805419.0
859,4호선,쌍문역,서울특별시,도봉구,창동,도봉로,25.5,의류잡화,"1,650,000",22805419.0
860,4호선,쌍문역,서울특별시,도봉구,창동,도봉로,25.0,의류잡화,"1,666,600",22805419.0
861,4호선,쌍문역,서울특별시,도봉구,창동,도봉로,25.0,의류잡화,"2,002,000",22805419.0
862,4호선,쌍문역,서울특별시,도봉구,창동,도봉로,20.5,의류잡화,"2,040,300",22805419.0
863,4호선,쌍문역,서울특별시,도봉구,창동,도봉로,21.0,카페,"2,347,810",22805419.0
864,4호선,쌍문역,서울특별시,도봉구,창동,도봉로,20.4,의류잡화,"2,550,000",22805419.0
865,4호선,쌍문역,서울특별시,도봉구,창동,도봉로,41.0,의류잡화,"2,801,000",22805419.0
866,4호선,쌍문역,서울특별시,도봉구,창동,도봉로,22.65,식당,"4,839,500",22805419.0
867,4호선,쌍문역,서울특별시,도봉구,창동,도봉로,20.0,의류잡화,"5,107,700",22805419.0
868,4호선,쌍문역,서울특별시,도봉구,창동,도봉로,21.0,식품제과,"5,513,000",22805419.0
869,4호선,쌍문역,서울특별시,도봉구,창동,도봉로,20.95,화장품,"6,651,877",22805419.0
870,5호선,아차산역,서울특별시,광진구,능동,천호대로,19.6,식품제과,"2,000,000",10809123.0
871,5호선,아차산역,서울특별시,광진구,능동,천호대로,48.37,의류잡화,"3,556,078",10809123.0
872,5호선,아차산역,서울특별시,광진구,능동,천호대로,28.72,편의점,"5,882,664",10809123.0
873,5호선,아차산역,서울특별시,광진구,능동,천호대로,19.6,식품제과,"6,299,533",10809123.0
874,5호선,아차산역,서울특별시,광진구,능동,천호대로,31.21,화장품,"8,500,330",10809123.0
875,2호선,아현역,서울특별시,마포구,아현동,신촌로,24.05,편의점,"1,230,000",7684698.0
876,2호선,아현역,서울특별시,마포구,아현동,신촌로,25.0,카페,"1,749,716",7684698.0
877,2호선,아현역,서울특별시,마포구,아현동,신촌로,35.2,화장품,"2,626,349",7684698.0
878,3호선,안국역,서울특별시,종로구,안국동,율곡로,19.09,소매업,"611,000",19148877.0
879,3호선,안국역,서울특별시,종로구,안국동,율곡로,20.5,소매업,"631,200",19148877.0
880,3호선,안국역,서울특별시,종로구,안국동,율곡로,20.5,소매업,"653,800",19148877.0
881,3호선,안국역,서울특별시,종로구,안국동,율곡로,19.5,소매업,"742,300",19148877.0
882,3호선,안국역,서울특별시,종로구,안국동,율곡로,28.8,소매업,"795,400",19148877.0
883,3호선,안국역,서울특별시,종로구,안국동,율곡로,27.1,소매업,"810,500",19148877.0
884,3호선,안국역,서울특별시,종로구,안국동,율곡로,20.5,소매업,"827,400",19148877.0
885,3호선,안국역,서울특별시,종로구,안국동,율곡로,28.8,소매업,"930,000",19148877.0
886,3호선,안국역,서울특별시,종로구,안국동,율곡로,18.8,편의점,"1,301,600",19148877.0
887,3호선,안국역,서울특별시,종로구,안국동,율곡로,27.57,편의점,"1,480,000",19148877.0
888,3호선,안국역,서울특별시,종로구,안국동,율곡로,18.8,의류잡화,"4,222,200",19148877.0
889,6호선,안암역,서울특별시,성북구,안암동5가,인촌로,17.0,식당,"1,210,103",10028558.0
890,6호선,안암역,서울특별시,성북구,안암동6가,인촌로,31.0,식품제과,"2,136,200",10028558.0
891,6호선,안암역,서울특별시,성북구,안암동7가,인촌로,31.0,의류잡화,"2,136,200",10028558.0
892,6호선,안암역,서울특별시,성북구,안암동8가,인촌로,30.0,소매업,"4,528,547",10028558.0
893,6호선,안암역,서울특별시,성북구,안암동9가,인촌로,32.0,의류잡화,"4,628,416",10028558.0
894,6호선,안암역,서울특별시,성북구,안암동10가,인촌로,27.0,의류잡화,"5,131,205",10028558.0
895,6호선,안암역,서울특별시,성북구,안암동11가,인촌로,42.2,편의점,"14,660,052",10028558.0
896,6호선,안암역,서울특별시,성북구,안암동12가,인촌로,40.99,화장품,"15,628,019",10028558.0
897,8호선,암사역,서울특별시,강동구,암사동,올림픽로,46.46,식품제과,"7,620,400",12751478.0
898,8호선,암사역,서울특별시,강동구,암사동,올림픽로,35.0,편의점,"13,906,760",12751478.0
899,8호선,암사역,서울특별시,강동구,암사동,올림픽로,36.54,화장품,"14,971,057",12751478.0
900,3호선,압구정역,서울특별시,강남구,신사동,압구정로,12.3,카페,"7,212,907",25405481.0
901,3호선,압구정역,서울특별시,강남구,신사동,압구정로,37.0,편의점,"10,000,200",25405481.0
902,3호선,압구정역,서울특별시,강남구,신사동,압구정로,23.76,화장품,"20,412,826",25405481.0
903,5호선,애오개역,서울특별시,마포구,아현동,마포대로,32.2,편의점,"4,577,500",5260731.0
904,6호선,약수역,서울특별시,중구,신당동,다산로,33.0,사무실,"1,305,771",13039746.0
905,6호선,약수역,서울특별시,중구,신당동,다산로,46.0,사무실,"1,506,508",13039746.0
906,6호선,약수역,서울특별시,중구,신당동,다산로,39.0,사무실,"1,543,184",13039746.0
907,6호선,약수역,서울특별시,중구,신당동,다산로,85.0,사무실,"2,783,765",13039746.0
908,3호선,약수역,서울특별시,중구,신당동,다산로,11.57,카페,"3,246,217",13039746.0
909,3호선,약수역,서울특별시,중구,신당동,다산로,22.32,화장품,"5,217,168",13039746.0
910,6호선,약수역,서울특별시,중구,신당동,다산로,77.0,편의점,"10,564,528",13039746.0
911,3호선,양재역,서울특별시,서초구,서초동,남부순환로,21.0,의류잡화,"4,112,735",30206366.0
912,3호선,양재역,서울특별시,서초구,서초동,남부순환로,27.2,소매업,"4,391,600",30206366.0
913,3호선,양재역,서울특별시,서초구,서초동,남부순환로,40.0,의류잡화,"6,033,000",30206366.0
914,3호선,양재역,서울특별시,서초구,서초동,남부순환로,44.88,의류잡화,"6,220,358",30206366.0
915,3호선,양재역,서울특별시,서초구,서초동,남부순환로,44.98,의류잡화,"7,468,411",30206366.0
916,3호선,양재역,서울특별시,서초구,서초동,남부순환로,51.92,의류잡화,"8,750,000",30206366.0
917,3호선,양재역,서울특별시,서초구,서초동,남부순환로,20.0,카페,"13,648,143",30206366.0
918,2호선,양천구청역,서울특별시,양천구,신정동,목동로,18.84,화장품,"1,535,500",5179836.0
919,2호선,양천구청역,서울특별시,양천구,신정동,목동로,26.04,카페,"1,740,107",5179836.0
920,7호선,어린이대공원역,서울특별시,광진구,화양동,능동로,22.0,식품제과,"3,091,121",11779374.0
921,7호선,어린이대공원역,서울특별시,광진구,화양동,능동로,60.0,카페,"3,527,101",11779374.0
922,7호선,어린이대공원역,서울특별시,광진구,화양동,능동로,70.0,화장품,"4,114,951",11779374.0
923,7호선,어린이대공원역,서울특별시,광진구,화양동,능동로,30.0,의류잡화,"4,215,165",11779374.0
924,7호선,어린이대공원역,서울특별시,광진구,화양동,능동로,37.0,의류잡화,"4,560,333",11779374.0
925,7호선,어린이대공원역,서울특별시,광진구,화양동,능동로,37.0,식품제과,"4,682,655",11779374.0
926,7호선,어린이대공원역,서울특별시,광진구,화양동,능동로,58.0,식당,"4,961,497",11779374.0
927,7호선,어린이대공원역,서울특별시,광진구,화양동,능동로,46.0,카페,"5,669,603",11779374.0
928,7호선,어린이대공원역,서울특별시,광진구,화양동,능동로,56.0,카페,"6,902,125",11779374.0
929,7호선,어린이대공원역,서울특별시,광진구,화양동,능동로,35.6,편의점,"11,109,670",11779374.0
930,5호선,여의나루역,서울특별시,영등포구,여의도동,여의동로,33.39,편의점,"6,716,550",8697543.0
931,5호선,여의도역,서울특별시,영등포구,여의도동,여의나루로,47.0,사무실,"920,040",17329947.0
932,5호선,여의도역,서울특별시,영등포구,여의도동,여의나루로,23.65,의류잡화,"1,224,500",17329947.0
933,5호선,여의도역,서울특별시,영등포구,여의도동,여의나루로,35.24,편의점,"9,929,005",17329947.0
934,2호선,역삼역,서울특별시,강남구,역삼동,테헤란로,20.08,의류잡화,"676,990",35217625.0
935,2호선,역삼역,서울특별시,강남구,역삼동,테헤란로,21.55,의류잡화,"708,300",35217625.0
936,2호선,역삼역,서울특별시,강남구,역삼동,테헤란로,26.4,의류잡화,"1,276,710",35217625.0
937,2호선,역삼역,서울특별시,강남구,역삼동,테헤란로,21.0,카페,"2,274,690",35217625.0
938,2호선,역삼역,서울특별시,강남구,역삼동,테헤란로,22.5,카페,"2,682,315",35217625.0
939,2호선,역삼역,서울특별시,강남구,역삼동,테헤란로,13.0,카페,"4,175,760",35217625.0
940,2호선,역삼역,서울특별시,강남구,역삼동,테헤란로,23.18,의류잡화,"5,020,000",35217625.0
941,2호선,역삼역,서울특별시,강남구,역삼동,테헤란로,25.8,식품제과,"6,271,900",35217625.0
942,2호선,역삼역,서울특별시,강남구,역삼동,테헤란로,52.32,의류잡화,"13,500,000",35217625.0
943,6호선,역촌역,서울특별시,은평구,녹번동,서오릉로,37.0,사무실,"1,246,160",3137638.0
944,6호선,역촌역,서울특별시,은평구,녹번동,서오릉로,37.0,사무실,"1,246,160",3137638.0
945,6호선,역촌역,서울특별시,은평구,녹번동,서오릉로,72.0,사무실,"2,424,959",3137638.0
946,6호선,역촌역,서울특별시,은평구,녹번동,서오릉로,31.5,편의점,"3,889,667",3137638.0
947,6호선,연신내역,서울특별시,은평구,갈현동,통일로,12.0,식품제과,"1,555,000",30289027.0
948,3호선,연신내역,서울특별시,은평구,갈현동,통일로,22.0,식품제과,"1,583,300",30289027.0
949,3호선,연신내역,서울특별시,은평구,갈현동,통일로,19.96,의류잡화,"1,715,000",30289027.0
950,3호선,연신내역,서울특별시,은평구,갈현동,통일로,38.88,의류잡화,"2,179,640",30289027.0
951,3호선,연신내역,서울특별시,은평구,갈현동,통일로,29.9,의류잡화,"2,565,000",30289027.0
952,6호선,연신내역,서울특별시,은평구,갈현동,통일로,18.32,식품제과,"2,684,183",30289027.0
953,3호선,연신내역,서울특별시,은평구,갈현동,통일로,33.7,소매업,"2,872,731",30289027.0
954,6호선,연신내역,서울특별시,은평구,갈현동,통일로,14.17,의류잡화,"3,550,000",30289027.0
955,3호선,연신내역,서울특별시,은평구,갈현동,통일로,20.0,카페,"4,743,799",30289027.0
956,3호선,연신내역,서울특별시,은평구,갈현동,통일로,38.3,카페,"7,330,574",30289027.0
957,6호선,연신내역,서울특별시,은평구,갈현동,통일로,35.0,화장품,"7,920,652",30289027.0
958,6호선,연신내역,서울특별시,은평구,갈현동,통일로,44.0,편의점,"11,916,787",30289027.0
959,5호선,영등포구청역,서울특별시,영등포구,당산동3가,당산로,24.8,식품제과,"5,885,383",18558284.0
960,5호선,영등포구청역,서울특별시,영등포구,당산동4가,당산로,34.33,편의점,"6,300,716",18558284.0
961,5호선,영등포구청역,서울특별시,영등포구,당산동5가,당산로,313.4,의류잡화,"15,593,692",18558284.0
962,5호선,영등포시장역,서울특별시,영등포구,영등포동5가,양산로,37.3,편의점,"6,361,705",7145019.0
963,5호선,오금역,서울특별시,송파구,오금동,오금로,27.38,편의점,"3,373,245",7483436.0
964,5호선,오목교역,서울특별시,양천구,목동,오목로,43.51,편의점,"12,003,739",18515363.0
965,5호선,오목교역,서울특별시,양천구,목동,오목로,49.91928468,소매업,"176,500,000",18515363.0
966,3호선,옥수역,서울특별시,성동구,옥수동,동호로,18.9,편의점,"837,200",7625017.0
967,3호선,옥수역,서울특별시,성동구,옥수동,동호로,11.6,식품제과,"2,260,000",7625017.0
968,3호선,옥수역,서울특별시,성동구,옥수동,동호로,41.64,화장품,"6,691,754",7625017.0
969,7호선,온수역,서울특별시,구로구,온수동,경인로3길,13.5,의류잡화,"2,500,000",7717359.0
970,7호선,온수역,서울특별시,구로구,온수동,경인로4길,27.0,카페,"3,171,601",7717359.0
971,7호선,온수역,서울특별시,구로구,온수동,경인로5길,27.0,카페,"3,171,601",7717359.0
972,7호선,온수역,서울특별시,구로구,온수동,경인로6길,23.1,의류잡화,"3,200,000",7717359.0
973,7호선,온수역,서울특별시,구로구,온수동,경인로7길,41.0,식품제과,"4,100,281",7717359.0
974,7호선,온수역,서울특별시,구로구,온수동,경인로8길,37.0,카페,"4,346,269",7717359.0
975,7호선,온수역,서울특별시,구로구,온수동,경인로9길,37.0,카페,"4,346,269",7717359.0
976,7호선,온수역,서울특별시,구로구,온수동,경인로10길,29.81,편의점,"5,686,010",7717359.0
977,7호선,온수역,서울특별시,구로구,온수동,경인로11길,35.0,카페,"5,843,375",7717359.0
978,7호선,온수역,서울특별시,구로구,온수동,경인로12길,60.0,의류잡화,"7,048,003",7717359.0
979,7호선,온수역,서울특별시,구로구,온수동,경인로13길,82.0,소매업,"10,470,965",7717359.0
980,5호선,올림픽공원역,서울특별시,송파구,방이동,양재대로,37.2,편의점,"5,832,764",4622841.0
981,5호선,왕십리역,서울특별시,성동구,행당동,왕십리로,50.0,사무실,"516,600",17322122.0
982,5호선,왕십리역,서울특별시,성동구,행당동,왕십리로,10.3,의류잡화,"650,000",17322122.0
983,2호선,왕십리역,서울특별시,성동구,행당동,왕십리로,12.35,소매업,"1,129,600",17322122.0
984,2호선,왕십리역,서울특별시,성동구,행당동,왕십리로,12.35,의류잡화,"1,538,900",17322122.0
985,5호선,왕십리역,서울특별시,성동구,행당동,왕십리로,84.48,의류잡화,"2,013,460",17322122.0
986,2호선,왕십리역,서울특별시,성동구,행당동,왕십리로,24.7,의류잡화,"2,101,000",17322122.0
987,2호선,왕십리역,서울특별시,성동구,행당동,왕십리로,24.5,의류잡화,"2,263,435",17322122.0
988,2호선,왕십리역,서울특별시,성동구,행당동,왕십리로,24.5,식품제과,"2,263,435",17322122.0
989,2호선,왕십리역,서울특별시,성동구,행당동,왕십리로,27.65,편의점,"2,554,448",17322122.0
990,5호선,왕십리역,서울특별시,성동구,행당동,왕십리로,53.7,소매업,"2,640,000",17322122.0
991,2호선,왕십리역,서울특별시,성동구,행당동,왕십리로,30.06,의류잡화,"2,777,096",17322122.0
992,5호선,왕십리역,서울특별시,성동구,행당동,왕십리로,53.7,의류잡화,"3,020,000",17322122.0
993,5호선,왕십리역,서울특별시,성동구,행당동,왕십리로,53.75,식당,"3,500,000",17322122.0
994,2호선,왕십리역,서울특별시,성동구,행당동,왕십리로,44.43,의류잡화,"4,104,670",17322122.0
995,2호선,왕십리역,서울특별시,성동구,행당동,왕십리로,19.0,식당,"4,211,100",17322122.0
996,5호선,왕십리역,서울특별시,성동구,행당동,왕십리로,40.0,편의점,"5,167,430",17322122.0
997,5호선,왕십리역,서울특별시,성동구,행당동,왕십리로,55.83,화장품,"5,514,788",17322122.0
998,5호선,왕십리역,서울특별시,성동구,행당동,왕십리로,37.0,의류잡화,"5,750,000",17322122.0
999,2호선,왕십리역,서울특별시,성동구,행당동,왕십리로,33.68,의류잡화,"5,760,100",17322122.0
1000,5호선,왕십리역,서울특별시,성동구,행당동,왕십리로,37.0,식품제과,"6,511,000",17322122.0
1001,5호선,왕십리역,서울특별시,성동구,행당동,왕십리로,73.57,식품제과,"9,105,000",17322122.0
1002,7호선,용마산역,서울특별시,중랑구,면목동,용마산로,35.0,의류잡화,"2,632,412",4540230.0
1003,7호선,용마산역,서울특별시,중랑구,면목동,용마산로,36.0,소매업,"2,707,623",4540230.0
1004,7호선,용마산역,서울특별시,중랑구,면목동,용마산로,58.0,사무실,"3,487,429",4540230.0
1005,7호선,용마산역,서울특별시,중랑구,면목동,용마산로,55.0,의류잡화,"3,488,875",4540230.0
1006,7호선,용마산역,서울특별시,중랑구,면목동,용마산로,55.0,화장품,"3,488,875",4540230.0
1007,7호선,용마산역,서울특별시,중랑구,면목동,용마산로,28.8,편의점,"5,239,850",4540230.0
1008,7호선,용마산역,서울특별시,중랑구,면목동,용마산로,66.0,식품제과,"5,666,297",4540230.0
1009,5호선,우장산역,서울특별시,강서구,화곡동,강서로,19.84,의류잡화,"1,309,401",11327003.0
1010,5호선,우장산역,서울특별시,강서구,화곡동,강서로,14.8,소매업,"2,100,000",11327003.0
1011,5호선,우장산역,서울특별시,강서구,화곡동,강서로,19.88,의류잡화,"3,000,500",11327003.0
1012,5호선,우장산역,서울특별시,강서구,화곡동,강서로,33.0,편의점,"6,729,856",11327003.0
1013,5호선,우장산역,서울특별시,강서구,화곡동,강서로,44.8,화장품,"12,076,635",11327003.0
1014,6호선,월곡역,서울특별시,성북구,하월곡동,월곡로,16.0,카페,"1,882,590",9256893.0
1015,6호선,월곡역,서울특별시,성북구,하월곡동,월곡로,42.0,카페,"2,777,900",9256893.0
1016,6호선,월곡역,서울특별시,성북구,하월곡동,월곡로,43.0,의류잡화,"2,844,041",9256893.0
1017,6호선,월곡역,서울특별시,성북구,하월곡동,월곡로,27.0,식품제과,"3,400,715",9256893.0
1018,6호선,월곡역,서울특별시,성북구,하월곡동,월곡로,30.0,화장품,"4,528,547",9256893.0
1019,6호선,월곡역,서울특별시,성북구,하월곡동,월곡로,58.0,화장품,"9,048,484",9256893.0
1020,6호선,월곡역,서울특별시,성북구,하월곡동,월곡로,35.0,편의점,"11,260,826",9256893.0
1021,6호선,월드컵경기장역,서울특별시,마포구,성산동,월드컵로,33.0,소매업,"3,035,495",5326668.0
1022,6호선,월드컵경기장역,서울특별시,마포구,성산동,월드컵로,43.0,편의점,"4,265,462",5326668.0
1023,6호선,월드컵경기장역,서울특별시,마포구,성산동,월드컵로,62.0,소매업,"5,703,051",5326668.0
1024,2호선,을지로3가역,서울특별시,중구,을지로3가,을지로,13.5,소매업,"400,000",23263824.0
1025,2호선,을지로3가역,서울특별시,중구,을지로4가,을지로,16.2,의류잡화,"834,200",23263824.0
1026,2호선,을지로3가역,서울특별시,중구,을지로5가,을지로,11.5,서점,"872,300",23263824.0
1027,3호선,을지로3가역,서울특별시,중구,을지로6가,을지로,54.3,사무실,"1,031,800",23263824.0
1028,2호선,을지로3가역,서울특별시,중구,을지로7가,을지로,22.8,의류잡화,"1,265,600",23263824.0
1029,2호선,을지로3가역,서울특별시,중구,을지로8가,을지로,18.96,의류잡화,"1,364,680",23263824.0
1030,2호선,을지로3가역,서울특별시,중구,을지로9가,을지로,27.9,식당,"1,525,800",23263824.0
1031,2호선,을지로3가역,서울특별시,중구,을지로10가,을지로,13.0,소매업,"1,530,000",23263824.0
1032,3호선,을지로3가역,서울특별시,중구,을지로11가,을지로,10.2,의류잡화,"1,621,000",23263824.0
1033,3호선,을지로3가역,서울특별시,중구,을지로12가,을지로,26.4,의류잡화,"1,998,000",23263824.0
1034,3호선,을지로3가역,서울특별시,중구,을지로13가,을지로,20.0,의류잡화,"2,221,600",23263824.0
1035,2호선,을지로4가역,서울특별시,중구,을지로4가,을지로,14.9,의류잡화,"635,200",12873123.0
1036,2호선,을지로4가역,서울특별시,중구,을지로5가,을지로,14.9,소매업,"660,000",12873123.0
1037,2호선,을지로4가역,서울특별시,중구,을지로6가,을지로,14.9,의류잡화,"663,900",12873123.0
1038,2호선,을지로4가역,서울특별시,중구,을지로7가,을지로,23.2,의류잡화,"705,000",12873123.0
1039,5호선,을지로4가역,서울특별시,중구,을지로8가,을지로,19.6,의류잡화,"799,000",12873123.0
1040,5호선,을지로4가역,서울특별시,중구,을지로9가,을지로,41.45,화장품,"950,000",12873123.0
1041,2호선,을지로4가역,서울특별시,중구,을지로10가,을지로,22.84,소매업,"1,356,400",12873123.0
1042,5호선,을지로4가역,서울특별시,중구,을지로11가,을지로,16.8,의류잡화,"1,500,000",12873123.0
1043,2호선,을지로4가역,서울특별시,중구,을지로12가,을지로,38.0,카페,"2,143,653",12873123.0
1044,5호선,을지로4가역,서울특별시,중구,을지로13가,을지로,34.98,편의점,"5,063,194",12873123.0
1045,2호선,을지로입구역,서울특별시,중구,을지로1가,을지로,19.97,의류잡화,"3,300,000",36047023.0
1046,2호선,을지로입구역,서울특별시,중구,을지로2가,을지로,17.6,식품제과,"4,503,660",36047023.0
1047,2호선,을지로입구역,서울특별시,중구,을지로3가,을지로,40.0,의류잡화,"6,723,839",36047023.0
1048,2호선,을지로입구역,서울특별시,중구,을지로4가,을지로,17.2,편의점,"7,153,000",36047023.0
1049,2호선,을지로입구역,서울특별시,중구,을지로5가,을지로,26.82,의류잡화,"7,711,100",36047023.0
1050,2호선,을지로입구역,서울특별시,중구,을지로6가,을지로,19.47,의류잡화,"11,408,319",36047023.0
1051,2호선,을지로입구역,서울특별시,중구,을지로7가,을지로,16.0,카페,"11,626,196",36047023.0
1052,2호선,을지로입구역,서울특별시,중구,을지로8가,을지로,16.7,소매업,"12,110,000",36047023.0
1053,2호선,을지로입구역,서울특별시,중구,을지로9가,을지로,17.2,소매업,"12,150,000",36047023.0
1054,2호선,을지로입구역,서울특별시,중구,을지로10가,을지로,16.7,소매업,"14,403,100",36047023.0
1055,2호선,을지로입구역,서울특별시,중구,을지로11가,을지로,32.51,의류잡화,"15,111,000",36047023.0
1056,2호선,을지로입구역,서울특별시,중구,을지로12가,을지로,75.95,식품제과,"16,137,100",36047023.0
1057,2호선,을지로입구역,서울특별시,중구,을지로13가,을지로,33.9,화장품,"18,040,000",36047023.0
1058,2호선,을지로입구역,서울특별시,중구,을지로14가,을지로,180.0,소매업,"59,400,000",36047023.0
1059,6호선,응암역,서울특별시,은평구,역촌동,증산로,15.0,의류잡화,"2,541,824",13118047.0
1060,6호선,응암역,서울특별시,은평구,역촌동,증산로,30.0,의류잡화,"5,083,648",13118047.0
1061,6호선,응암역,서울특별시,은평구,역촌동,증산로,31.0,화장품,"5,253,103",13118047.0
1062,6호선,응암역,서울특별시,은평구,역촌동,증산로,34.64,식품제과,"5,701,434",13118047.0
1063,6호선,응암역,서울특별시,은평구,역촌동,증산로,50.0,화장품,"8,472,747",13118047.0
1064,6호선,응암역,서울특별시,은평구,역촌동,증산로,38.8,편의점,"16,641,024",13118047.0
1065,2호선,이대역,서울특별시,마포구,염리동,신촌로,20.0,식품제과,"3,200,000",15015145.0
1066,2호선,이대역,서울특별시,마포구,염리동,신촌로,14.6,의류잡화,"3,510,000",15015145.0
1067,2호선,이대역,서울특별시,마포구,염리동,신촌로,33.0,의류잡화,"6,111,073",15015145.0
1068,2호선,이대역,서울특별시,마포구,염리동,신촌로,14.5,의류잡화,"7,629,624",15015145.0
1069,2호선,이대역,서울특별시,마포구,염리동,신촌로,21.13,의류잡화,"7,700,000",15015145.0
1070,2호선,이대역,서울특별시,마포구,염리동,신촌로,27.66,의류잡화,"8,478,400",15015145.0
1071,2호선,이대역,서울특별시,마포구,염리동,신촌로,13.51,화장품,"10,623,876",15015145.0
1072,7호선,이수역,서울특별시,동작구,사당동,사당로,27.22,식품제과,"4,545,570",12326336.0
1073,7호선,이수역,서울특별시,동작구,사당동,사당로,23.0,식품제과,"8,851,329",12326336.0
1074,7호선,이수역,서울특별시,동작구,사당동,사당로,27.0,소매업,"8,873,231",12326336.0
1075,7호선,이수역,서울특별시,동작구,사당동,사당로,24.01,의류잡화,"8,900,000",12326336.0
1076,7호선,이수역,서울특별시,동작구,사당동,사당로,54.05,편의점,"11,355,960",12326336.0
1077,7호선,이수역,서울특별시,동작구,사당동,사당로,25.0,의류잡화,"13,229,211",12326336.0
1078,7호선,이수역,서울특별시,동작구,사당동,사당로,35.0,의류잡화,"13,469,414",12326336.0
1079,7호선,이수역,서울특별시,동작구,사당동,사당로,51.0,카페,"14,689,848",12326336.0
1080,7호선,이수역,서울특별시,동작구,사당동,사당로,51.0,식당,"14,689,848",12326336.0
1081,7호선,이수역,서울특별시,동작구,사당동,사당로,45.0,의류잡화,"17,010,978",12326336.0
1082,7호선,이수역,서울특별시,동작구,사당동,사당로,45.0,소매업,"17,010,978",12326336.0
1083,7호선,이수역,서울특별시,동작구,사당동,사당로,35.0,의류잡화,"18,520,896",12326336.0
1084,7호선,이수역,서울특별시,동작구,사당동,사당로,74.0,화장품,"21,498,166",12326336.0
1085,7호선,이수역,서울특별시,동작구,사당동,사당로,64.0,의류잡화,"33,866,781",12326336.0
1086,4호선,이촌역,서울특별시,용산구,용산동5가,서빙고로,22.0,의류잡화,"810,000",7385630.0
1087,4호선,이촌역,서울특별시,용산구,용산동6가,서빙고로,19.3,카페,"1,375,427",7385630.0
1088,6호선,이태원역,서울특별시,용산구,이태원동,이태원로,19.0,소매업,"3,650,937",13754431.0
1089,6호선,이태원역,서울특별시,용산구,이태원동,이태원로,24.0,화장품,"4,511,328",13754431.0
1090,6호선,이태원역,서울특별시,용산구,이태원동,이태원로,34.0,화장품,"6,533,256",13754431.0
1091,6호선,이태원역,서울특별시,용산구,이태원동,이태원로,25.0,편의점,"11,524,939",13754431.0
1092,3호선,일원역,서울특별시,강남구,일원동,일원로,51.7,사무실,"514,300",6848450.0
1093,3호선,일원역,서울특별시,강남구,일원동,일원로,90.0,사무실,"645,000",6848450.0
1094,3호선,일원역,서울특별시,강남구,일원동,일원로,46.0,편의점,"5,280,000",6848450.0
1095,3호선,일원역,서울특별시,강남구,일원동,일원로,808.0,카페,"8,335,000",6848450.0
1096,3호선,일원역,서울특별시,강남구,일원동,일원로,61.48,의료,"22,110,000",6848450.0
1097,2호선,잠실나루역,서울특별시,송파구,신천동,오금로,24.0,의류잡화,"4,200,000",12170014.0
1098,2호선,잠실나루역,서울특별시,송파구,신천동,오금로,27.54,의류잡화,"4,494,700",12170014.0
1099,2호선,잠실나루역,서울특별시,송파구,신천동,오금로,25.62,식품제과,"4,510,000",12170014.0
1100,2호선,잠실나루역,서울특별시,송파구,신천동,오금로,24.8,의류잡화,"7,249,891",12170014.0
1101,2호선,잠실나루역,서울특별시,송파구,신천동,오금로,48.1,편의점,"7,311,700",12170014.0
1102,2호선,잠실나루역,서울특별시,송파구,신천동,오금로,102.5,의료,"16,511,400",12170014.0
1103,2호선,잠실새내역,서울특별시,송파구,잠실동,올림픽로,11.0,카페,"2,954,576",19438416.0
1104,2호선,잠실새내역,서울특별시,송파구,잠실동,올림픽로,21.0,의류잡화,"3,459,700",19438416.0
1105,2호선,잠실새내역,서울특별시,송파구,잠실동,올림픽로,23.2,카페,"7,944,919",19438416.0
1106,2호선,잠실새내역,서울특별시,송파구,잠실동,올림픽로,26.5,의류잡화,"9,202,600",19438416.0
1107,2호선,잠실역,서울특별시,송파구,잠실동,올림픽로,10.45,의류잡화,"2,225,800",75844902.0
1108,2호선,잠실역,서울특별시,송파구,잠실동,올림픽로,10.45,식당,"2,230,000",75844902.0
1109,2호선,잠실역,서울특별시,송파구,잠실동,올림픽로,10.38,카페,"4,243,747",75844902.0
1110,2호선,잠실역,서울특별시,송파구,잠실동,올림픽로,20.82,의류잡화,"4,600,000",75844902.0
1111,2호선,잠실역,서울특별시,송파구,잠실동,올림픽로,20.9,의류잡화,"5,010,000",75844902.0
1112,2호선,잠실역,서울특별시,송파구,잠실동,올림픽로,34.0,의류잡화,"5,127,886",75844902.0
1113,2호선,잠실역,서울특별시,송파구,잠실동,올림픽로,34.0,의류잡화,"5,127,886",75844902.0
1114,2호선,잠실역,서울특별시,송파구,잠실동,올림픽로,36.0,의류잡화,"5,429,526",75844902.0
1115,2호선,잠실역,서울특별시,송파구,잠실동,올림픽로,20.9,소매업,"7,010,000",75844902.0
1116,2호선,잠실역,서울특별시,송파구,잠실동,올림픽로,12.0,식당,"7,933,100",75844902.0
1117,2호선,잠실역,서울특별시,송파구,잠실동,올림픽로,14.2,카페,"9,839,300",75844902.0
1118,2호선,잠실역,서울특별시,송파구,잠실동,올림픽로,14.0,식당,"10,000,000",75844902.0
1119,2호선,잠실역,서울특별시,송파구,잠실동,올림픽로,15.5,화장품,"11,191,700",75844902.0
1120,2호선,잠실역,서울특별시,송파구,잠실동,올림픽로,80.0,식품제과,"12,065,614",75844902.0
1121,2호선,잠실역,서울특별시,송파구,잠실동,올림픽로,38.0,의류잡화,"15,846,779",75844902.0
1122,2호선,잠실역,서울특별시,송파구,잠실동,올림픽로,124.91,화장품,"18,838,948",75844902.0
1123,2호선,잠실역,서울특별시,송파구,잠실동,올림픽로,12.0,카페,"19,850,077",75844902.0
1124,2호선,잠실역,서울특별시,송파구,잠실동,올림픽로,21.3,편의점,"21,738,300",75844902.0
1125,2호선,잠실역,서울특별시,송파구,잠실동,올림픽로,31.2,화장품,"26,509,000",75844902.0
1126,2호선,잠실역,서울특별시,송파구,잠실동,올림픽로,37.73,화장품,"29,027,319",75844902.0
1127,8호선,잠실역,서울특별시,송파구,잠실동,올림픽로,31.4,화장품,"30,437,222",75844902.0
1128,8호선,잠실역,서울특별시,송파구,잠실동,올림픽로,191.0,식당,"150,873,570",75844902.0
1129,7호선,장승배기역,서울특별시,동작구,상도동,상도로,40.0,의류잡화,"3,764,720",8043876.0
1130,7호선,장승배기역,서울특별시,동작구,상도동,상도로,38.0,의류잡화,"3,996,555",8043876.0
1131,7호선,장승배기역,서울특별시,동작구,상도동,상도로,40.0,화장품,"4,206,900",8043876.0
1132,7호선,장승배기역,서울특별시,동작구,상도동,상도로,40.0,화장품,"4,206,900",8043876.0
1133,7호선,장승배기역,서울특별시,동작구,상도동,상도로,54.0,화장품,"5,082,373",8043876.0
1134,7호선,장승배기역,서울특별시,동작구,상도동,상도로,60.0,식품제과,"5,758,659",8043876.0
1135,7호선,장승배기역,서울특별시,동작구,상도동,상도로,36.18,편의점,"7,052,210",8043876.0
1136,8호선,장지역,서울특별시,송파구,장지동,송파대로,12.85,식품제과,"4,100,000",13200408.0
1137,8호선,장지역,서울특별시,송파구,장지동,송파대로,35.2,편의점,"11,392,786",13200408.0
1138,5호선,장한평역,서울특별시,동대문구,장안동,천호대로,31.9,의류잡화,"3,000,300",13547292.0
1139,5호선,장한평역,서울특별시,동대문구,장안동,천호대로,31.98,의류잡화,"3,022,000",13547292.0
1140,5호선,장한평역,서울특별시,동대문구,장안동,천호대로,24.5,의류잡화,"4,130,000",13547292.0
1141,5호선,장한평역,서울특별시,동대문구,장안동,천호대로,29.8,식품제과,"4,766,083",13547292.0
1142,5호선,장한평역,서울특별시,동대문구,장안동,천호대로,35.62,화장품,"9,500,160",13547292.0
1143,5호선,장한평역,서울특별시,동대문구,장안동,천호대로,52.8,편의점,"11,054,529",13547292.0
1144,1호선,제기동역,서울특별시,동대문구,제기동,왕산로,10.54,의류잡화,"734,550",15116310.0
1145,1호선,제기동역,서울특별시,동대문구,제기동,왕산로,10.54,식품제과,"791,990",15116310.0
1146,1호선,제기동역,서울특별시,동대문구,제기동,왕산로,19.3,의류잡화,"5,518,871",15116310.0
1147,1호선,제기동역,서울특별시,동대문구,제기동,왕산로,42.72,의류잡화,"6,603,344",15116310.0
1148,1호선,종각역,서울특별시,종로구,종로1가,종로,16.15,의류잡화,"4,264,563",31159274.0
1149,1호선,종각역,서울특별시,종로구,종로2가,종로,18.64,의류잡화,"4,529,968",31159274.0
1150,1호선,종각역,서울특별시,종로구,종로3가,종로,19.14,식품제과,"5,054,101",31159274.0
1151,1호선,종각역,서울특별시,종로구,종로4가,종로,11.0,카페,"5,482,596",31159274.0
1152,1호선,종각역,서울특별시,종로구,종로5가,종로,21.82,의류잡화,"5,761,781",31159274.0
1153,1호선,종각역,서울특별시,종로구,종로6가,종로,23.14,의류잡화,"6,110,340",31159274.0
1154,1호선,종각역,서울특별시,종로구,종로7가,종로,12.0,카페,"6,454,632",31159274.0
1155,1호선,종각역,서울특별시,종로구,종로8가,종로,29.3,편의점,"6,549,400",31159274.0
1156,1호선,종각역,서울특별시,종로구,종로9가,종로,29.4,식품제과,"7,763,353",31159274.0
1157,1호선,종각역,서울특별시,종로구,종로10가,종로,29.62,편의점,"7,821,446",31159274.0
1158,1호선,종각역,서울특별시,종로구,종로11가,종로,36.85,화장품,"20,734,494",31159274.0
1159,5호선,종로3가역,서울특별시,종로3가,,종로,21.4,카페,"1,360,000",43738113.0
1160,1호선,종로3가역,서울특별시,종로4가,,종로,16.57,소매업,"1,893,760",43738113.0
1161,1호선,종로3가역,서울특별시,종로5가,,종로,23.4,편의점,"2,260,000",43738113.0
1162,3호선,종로3가역,서울특별시,종로6가,,종로,11.0,카페,"2,896,828",43738113.0
1163,3호선,종로3가역,서울특별시,종로7가,,종로,15.4,의류잡화,"4,005,344",43738113.0
1164,1호선,종로3가역,서울특별시,종로8가,,종로,26.0,소매업,"4,350,000",43738113.0
1165,3호선,종로3가역,서울특별시,종로9가,,종로,20.0,소매업,"4,519,000",43738113.0
1166,1호선,종로3가역,서울특별시,종로10가,,종로,17.6,식품제과,"4,600,000",43738113.0
1167,3호선,종로3가역,서울특별시,종로11가,,종로,21.0,화장품,"5,510,000",43738113.0
1168,1호선,종로3가역,서울특별시,종로12가,,종로,11.88,의류잡화,"7,204,294",43738113.0
1169,3호선,종로3가역,서울특별시,종로13가,,종로,20.0,식당,"7,257,000",43738113.0
1170,3호선,종로3가역,서울특별시,종로14가,,종로,19.5,식품제과,"8,499,900",43738113.0
1171,5호선,종로3가역,서울특별시,종로15가,,종로,29.48,편의점,"8,575,050",43738113.0
1172,1호선,종로3가역,서울특별시,종로16가,,종로,63.95,화장품,"11,673,679",43738113.0
1173,3호선,종로3가역,서울특별시,종로17가,,종로,47.0,의류잡화,"20,300,000",43738113.0
1174,1호선,종로5가역,서울특별시,종로구,종로5가,종로,14.11,의류잡화,"1,504,866",18838940.0
1175,1호선,종로5가역,서울특별시,종로구,종로6가,종로,16.16,식품제과,"5,000,000",18838940.0
1176,1호선,종로5가역,서울특별시,종로구,종로7가,종로,25.13,의류잡화,"5,510,000",18838940.0
1177,1호선,종로5가역,서울특별시,종로구,종로8가,종로,13.0,의류잡화,"5,678,900",18838940.0
1178,1호선,종로5가역,서울특별시,종로구,종로9가,종로,44.1,화장품,"14,923,307",18838940.0
1179,2호선,종합운동장역,서울특별시,송파구,잠실동,올림픽로,25.0,카페,"3,047,745",12196007.0
1180,2호선,종합운동장역,서울특별시,송파구,잠실동,올림픽로,25.0,카페,"3,706,904",12196007.0
1181,2호선,종합운동장역,서울특별시,송파구,잠실동,올림픽로,53.2,소매업,"5,124,200",12196007.0
1182,2호선,종합운동장역,서울특별시,송파구,잠실동,올림픽로,71.8,편의점,"7,535,000",12196007.0
1183,2호선,종합운동장역,서울특별시,송파구,잠실동,올림픽로,31.1,편의점,"7,924,900",12196007.0
1184,7호선,중계역,서울특별시,노원구,중계동,동일로,17.0,식품제과,"1,447,206",11120870.0
1185,7호선,중계역,서울특별시,노원구,중계동,동일로,30.0,카페,"1,766,650",11120870.0
1186,7호선,중계역,서울특별시,노원구,중계동,동일로,34.0,의류잡화,"2,002,203",11120870.0
1187,7호선,중계역,서울특별시,노원구,중계동,동일로,41.0,화장품,"2,316,997",11120870.0
1188,7호선,중계역,서울특별시,노원구,중계동,동일로,41.0,화장품,"2,414,421",11120870.0
1189,7호선,중계역,서울특별시,노원구,중계동,동일로,50.0,카페,"2,851,435",11120870.0
1190,7호선,중계역,서울특별시,노원구,중계동,동일로,59.0,의류잡화,"3,334,216",11120870.0
1191,7호선,중계역,서울특별시,노원구,중계동,동일로,30.6,의류잡화,"3,386,837",11120870.0
1192,7호선,중계역,서울특별시,노원구,중계동,동일로,32.91,편의점,"8,448,000",11120870.0
1193,7호선,중곡역,서울특별시,광진구,중곡동,능동로,14.0,의류잡화,"976,306",7271432.0
1194,7호선,중곡역,서울특별시,광진구,중곡동,능동로,46.0,의류잡화,"3,207,864",7271432.0
1195,7호선,중곡역,서울특별시,광진구,중곡동,능동로,46.99,화장품,"3,210,000",7271432.0
1196,7호선,중곡역,서울특별시,광진구,중곡동,능동로,35.16,편의점,"5,004,670",7271432.0
1197,7호선,중화역,서울특별시,중랑구,중화동,동일로,18.0,의류잡화,"1,880,087",8300607.0
1198,7호선,중화역,서울특별시,중랑구,중화동,동일로,30.0,소매업,"3,600,000",8300607.0
1199,7호선,중화역,서울특별시,중랑구,중화동,동일로,50.0,소매업,"3,894,895",8300607.0
1200,7호선,중화역,서울특별시,중랑구,중화동,동일로,39.02,의류잡화,"3,917,590",8300607.0
1201,7호선,중화역,서울특별시,중랑구,중화동,동일로,48.0,소매업,"4,145,738",8300607.0
1202,7호선,중화역,서울특별시,중랑구,중화동,동일로,44.0,화장품,"4,254,837",8300607.0
1203,7호선,중화역,서울특별시,중랑구,중화동,동일로,45.0,카페,"4,393,379",8300607.0
1204,7호선,중화역,서울특별시,중랑구,중화동,동일로,50.0,식당,"4,571,594",8300607.0
1205,7호선,중화역,서울특별시,중랑구,중화동,동일로,70.0,소매업,"5,452,853",8300607.0
1206,7호선,중화역,서울특별시,중랑구,중화동,동일로,29.7,편의점,"6,788,870",8300607.0
1207,7호선,중화역,서울특별시,중랑구,중화동,동일로,28.43,의류잡화,"13,013,482",8300607.0
1208,6호선,증산역,서울특별시,은평구,증산동,증산로,29.0,화장품,"2,575,571",7536245.0
1209,6호선,증산역,서울특별시,은평구,증산동,증산로,37.0,화장품,"3,286,074",7536245.0
1210,6호선,증산역,서울특별시,은평구,증산동,증산로,31.0,의류잡화,"4,195,535",7536245.0
1211,6호선,증산역,서울특별시,은평구,증산동,증산로,48.0,식품제과,"4,263,015",7536245.0
1212,6호선,증산역,서울특별시,은평구,증산동,증산로,28.0,편의점,"7,956,050",7536245.0
1213,4호선,창동역,서울특별시,도봉구,창동,마들로,11.0,의류잡화,"5,139,200",21972523.0
1214,4호선,창동역,서울특별시,도봉구,창동,마들로,23.0,식품제과,"5,550,000",21972523.0
1215,4호선,창동역,서울특별시,도봉구,창동,마들로,58.5,의류잡화,"8,240,100",21972523.0
1216,6호선,창신역,서울특별시,종로구,창신동,지봉로,34.0,소매업,"969,488",2447913.0
1217,6호선,창신역,서울특별시,종로구,창신동,지봉로,34.0,소매업,"969,488",2447913.0
1218,6호선,창신역,서울특별시,종로구,창신동,지봉로,34.0,소매업,"969,488",2447913.0
1219,6호선,창신역,서울특별시,종로구,창신동,지봉로,34.0,소매업,"969,488",2447913.0
1220,6호선,창신역,서울특별시,종로구,창신동,지봉로,28.0,편의점,"2,689,152",2447913.0
1221,7호선,천왕역,서울특별시,구로구,오류동,오리로,900.39,사무실,"1,232,310",6221958.0
1222,7호선,천왕역,서울특별시,구로구,오류동,오리로,36.93,편의점,"4,984,430",6221958.0
1223,5호선,천호역,서울특별시,강동구,천호동,천호대로,210.0,의류잡화,"217,793,378",30098232.0
1224,7호선,철산역,경기도,광명시,철산동,철산로,36.61,편의점,"9,680,000",17677579.0
1225,7호선,철산역,경기도,광명시,철산동,철산로,30.0,의류잡화,"20,050,000",17677579.0
1226,5호선,청구역,서울특별시,중구,신당동,청구로,30.0,식품제과,"2,757,557",5745180.0
1227,5호선,청구역,서울특별시,중구,신당동,청구로,47.89,의류잡화,"4,490,383",5745180.0
1228,5호선,청구역,서울특별시,중구,신당동,청구로,46.33,편의점,"5,754,033",5745180.0
1229,7호선,청담역,서울특별시,강남구,청담동,학동로,25.0,식품제과,"754,184",15306872.0
1230,7호선,청담역,서울특별시,강남구,청담동,학동로,35.2,의류잡화,"1,070,550",15306872.0
1231,7호선,청담역,서울특별시,강남구,청담동,학동로,45.0,카페,"1,357,531",15306872.0
1232,7호선,청담역,서울특별시,강남구,청담동,학동로,54.0,의류잡화,"1,629,037",15306872.0
1233,7호선,청담역,서울특별시,강남구,청담동,학동로,54.0,카페,"1,629,037",15306872.0
1234,7호선,청담역,서울특별시,강남구,청담동,학동로,33.0,식품제과,"1,748,983",15306872.0
1235,7호선,청담역,서울특별시,강남구,청담동,학동로,25.0,소매업,"1,787,312",15306872.0
1236,7호선,청담역,서울특별시,강남구,청담동,학동로,52.9,소매업,"1,950,000",15306872.0
1237,7호선,청담역,서울특별시,강남구,청담동,학동로,97.44,소매업,"2,819,712",15306872.0
1238,7호선,청담역,서울특별시,강남구,청담동,학동로,81.0,사무실,"2,979,130",15306872.0
1239,7호선,청담역,서울특별시,강남구,청담동,학동로,43.0,편의점,"3,074,177",15306872.0
1240,7호선,청담역,서울특별시,강남구,청담동,학동로,43.0,화장품,"3,074,177",15306872.0
1241,7호선,청담역,서울특별시,강남구,청담동,학동로,65.36,식품제과,"3,466,100",15306872.0
1242,7호선,청담역,서울특별시,강남구,청담동,학동로,35.0,의류잡화,"4,505,474",15306872.0
1243,7호선,청담역,서울특별시,강남구,청담동,학동로,55.0,화장품,"8,955,158",15306872.0
1244,7호선,청담역,서울특별시,강남구,청담동,학동로,52.34,편의점,"13,420,000",15306872.0
1245,1호선,청량리역,서울특별시,동대문구,전농동,왕산로,11.0,카페,"3,934,400",19683084.0
1246,4호선,총신대입구역,서울특별시,동작구,사당동,동작대로,16.3,사무실,"171,000",16835549.0
1247,4호선,총신대입구역,서울특별시,동작구,사당동,동작대로,12.63,의류잡화,"411,690",16835549.0
1248,4호선,총신대입구역,서울특별시,동작구,사당동,동작대로,11.0,소매업,"810,000",16835549.0
1249,4호선,총신대입구역,서울특별시,동작구,사당동,동작대로,16.3,식품제과,"1,750,000",16835549.0
1250,4호선,총신대입구역,서울특별시,동작구,사당동,동작대로,16.3,의류잡화,"1,805,000",16835549.0
1251,4호선,총신대입구역,서울특별시,동작구,사당동,동작대로,31.4,식품제과,"3,335,300",16835549.0
1252,4호선,총신대입구역,서울특별시,동작구,사당동,동작대로,21.4,카페,"3,440,245",16835549.0
1253,4호선,총신대입구역,서울특별시,동작구,사당동,동작대로,32.6,소매업,"3,540,000",16835549.0
1254,4호선,총신대입구역,서울특별시,동작구,사당동,동작대로,31.9,소매업,"4,276,900",16835549.0
1255,4호선,총신대입구역,서울특별시,동작구,사당동,동작대로,12.32,식품제과,"5,512,000",16835549.0
1256,4호선,총신대입구역,서울특별시,동작구,사당동,동작대로,36.34,소매업,"9,279,400",16835549.0
1257,4호선,총신대입구역,서울특별시,동작구,사당동,동작대로,25.06,화장품,"12,319,353",16835549.0
1258,7호선,춘의역,경기도,부천시,원미구,원미구,66.0,편의점,"11,453,375",6427063.0
1259,4호선,충무로역,서울특별시,중구,필동2가,퇴계로,21.0,카페,"3,657,259",23578067.0
1260,4호선,충무로역,서울특별시,중구,필동3가,퇴계로,17.57,의류잡화,"9,755,300",23578067.0
1261,4호선,충무로역,서울특별시,중구,필동4가,퇴계로,31.54,화장품,"14,422,228",23578067.0
1262,2호선,충정로역,서울특별시,중구,필동5가,퇴계로,20.0,식당,"3,000,000",11734985.0
1263,5호선,충정로역,서울특별시,중구,필동6가,퇴계로,45.0,편의점,"5,773,993",11734985.0
1264,2호선,충정로역,서울특별시,중구,필동7가,퇴계로,26.12,화장품,"8,207,922",11734985.0
1265,7호선,태릉입구역,서울특별시,노원구,공릉동,동일로,20.0,의류잡화,"1,394,724",10925606.0
1266,7호선,태릉입구역,서울특별시,노원구,공릉동,동일로,20.0,의류잡화,"1,394,724",10925606.0
1267,6호선,태릉입구역,서울특별시,노원구,공릉동,동일로,33.0,의류잡화,"1,466,447",10925606.0
1268,6호선,태릉입구역,서울특별시,노원구,공릉동,동일로,38.0,화장품,"1,884,427",10925606.0
1269,6호선,태릉입구역,서울특별시,노원구,공릉동,동일로,39.0,카페,"1,934,017",10925606.0
1270,6호선,태릉입구역,서울특별시,노원구,공릉동,동일로,39.0,의류잡화,"1,934,017",10925606.0
1271,6호선,태릉입구역,서울특별시,노원구,공릉동,동일로,39.0,의류잡화,"1,934,017",10925606.0
1272,7호선,태릉입구역,서울특별시,노원구,공릉동,동일로,31.0,소매업,"2,052,930",10925606.0
1273,7호선,태릉입구역,서울특별시,노원구,공릉동,동일로,31.0,카페,"2,052,930",10925606.0
1274,7호선,태릉입구역,서울특별시,노원구,공릉동,동일로,33.0,소매업,"2,141,056",10925606.0
1275,7호선,태릉입구역,서울특별시,노원구,공릉동,동일로,33.0,소매업,"2,141,056",10925606.0
1276,7호선,태릉입구역,서울특별시,노원구,공릉동,동일로,44.0,소매업,"2,827,466",10925606.0
1277,7호선,태릉입구역,서울특별시,노원구,공릉동,동일로,45.0,의류잡화,"3,193,917",10925606.0
1278,7호선,태릉입구역,서울특별시,노원구,공릉동,동일로,50.0,식품제과,"3,486,809",10925606.0
1279,6호선,태릉입구역,서울특별시,노원구,공릉동,동일로,97.0,의류잡화,"4,310,464",10925606.0
1280,7호선,태릉입구역,서울특별시,노원구,공릉동,동일로,37.14,편의점,"7,933,860",10925606.0
1281,7호선,태릉입구역,서울특별시,노원구,공릉동,동일로,59.0,의류잡화,"8,630,000",10925606.0
1282,7호선,태릉입구역,서울특별시,노원구,공릉동,동일로,59.0,의류잡화,"8,630,000",10925606.0
1283,7호선,하계역,서울특별시,노원구,하계동,동일로,26.0,의류잡화,"2,108,615",14256053.0
1284,7호선,하계역,서울특별시,노원구,하계동,동일로,32.0,의류잡화,"2,469,591",14256053.0
1285,7호선,하계역,서울특별시,노원구,하계동,동일로,32.0,의류잡화,"2,469,591",14256053.0
1286,7호선,하계역,서울특별시,노원구,하계동,동일로,32.0,화장품,"2,469,591",14256053.0
1287,7호선,하계역,서울특별시,노원구,하계동,동일로,33.0,의류잡화,"2,546,765",14256053.0
1288,7호선,하계역,서울특별시,노원구,하계동,동일로,33.0,식품제과,"2,730,869",14256053.0
1289,7호선,하계역,서울특별시,노원구,하계동,동일로,47.0,화장품,"3,816,584",14256053.0
1290,7호선,하계역,서울특별시,노원구,하계동,동일로,70.0,소매업,"5,677,041",14256053.0
1291,7호선,하계역,서울특별시,노원구,하계동,동일로,55.01,식품제과,"5,790,000",14256053.0
1292,7호선,하계역,서울특별시,노원구,하계동,동일로,36.57,화장품,"11,386,148",14256053.0
1293,7호선,하계역,서울특별시,노원구,하계동,동일로,40.8,편의점,"12,512,500",14256053.0
1294,7호선,학동역,서울특별시,강남구,논현동,학동로,16.4,의류잡화,"2,830,000",15786880.0
1295,7호선,학동역,서울특별시,강남구,논현동,학동로,16.0,식당,"3,001,858",15786880.0
1296,7호선,학동역,서울특별시,강남구,논현동,학동로,31.39,의류잡화,"3,539,231",15786880.0
1297,7호선,학동역,서울특별시,강남구,논현동,학동로,21.0,화장품,"4,445,449",15786880.0
1298,7호선,학동역,서울특별시,강남구,논현동,학동로,68.55,식품제과,"4,780,000",15786880.0
1299,7호선,학동역,서울특별시,강남구,논현동,학동로,25.0,카페,"6,033,471",15786880.0
1300,7호선,학동역,서울특별시,강남구,논현동,학동로,17.54,식품제과,"6,470,000",15786880.0
1301,7호선,학동역,서울특별시,강남구,논현동,학동로,41.0,의류잡화,"8,679,210",15786880.0
1302,7호선,학동역,서울특별시,강남구,논현동,학동로,41.0,화장품,"8,679,210",15786880.0
1303,7호선,학동역,서울특별시,강남구,논현동,학동로,42.0,화장품,"8,890,898",15786880.0
1304,7호선,학동역,서울특별시,강남구,논현동,학동로,44.0,식품제과,"10,241,610",15786880.0
1305,7호선,학동역,서울특별시,강남구,논현동,학동로,51.0,식품제과,"12,308,280",15786880.0
1306,7호선,학동역,서울특별시,강남구,논현동,학동로,55.45,편의점,"13,479,950",15786880.0
1307,3호선,학여울역,서울특별시,강남구,대치동,남부순환로,3938.2,식당,"61,100,000",2063068.0
1308,6호선,한강진역,서울특별시,용산구,한남동,이태원로,30.0,식당,"898,550",6502064.0
1309,6호선,한강진역,서울특별시,용산구,한남동,이태원로,30.0,카페,"898,550",6502064.0
1310,6호선,한강진역,서울특별시,용산구,한남동,이태원로,34.0,식당,"1,018,357",6502064.0
1311,6호선,한강진역,서울특별시,용산구,한남동,이태원로,34.0,카페,"1,018,357",6502064.0
1312,6호선,한강진역,서울특별시,용산구,한남동,이태원로,62.0,화장품,"1,857,003",6502064.0
1313,6호선,한강진역,서울특별시,용산구,한남동,이태원로,40.0,편의점,"8,226,611",6502064.0
1314,4호선,한성대입구역,서울특별시,성북구,삼선동1가,삼선교로,69.34,카페,"3,063,527",11935048.0
1315,4호선,한성대입구역,서울특별시,성북구,삼선동2가,삼선교로,14.8,화장품,"3,318,253",11935048.0
1316,2호선,한양대역,서울특별시,성동구,행당동,왕십리로,13.9,카페,"2,850,900",8831754.0
1317,2호선,한양대역,서울특별시,성동구,행당동,왕십리로,18.0,편의점,"3,334,700",8831754.0
1318,2호선,한양대역,서울특별시,성동구,행당동,왕십리로,90.1,의료,"4,900,000",8831754.0
1319,2호선,합정역,서울특별시,마포구,서교동,양화로,27.49,식품제과,"1,669,170",36008642.0
1320,2호선,합정역,서울특별시,마포구,서교동,양화로,29.89,편의점,"1,814,897",36008642.0
1321,6호선,합정역,서울특별시,마포구,서교동,양화로,11.7,식당,"1,823,529",36008642.0
1322,6호선,합정역,서울특별시,마포구,서교동,양화로,12.6,화장품,"1,986,274",36008642.0
1323,2호선,합정역,서울특별시,마포구,서교동,양화로,42.23,의류잡화,"2,564,170",36008642.0
1324,2호선,합정역,서울특별시,마포구,서교동,양화로,13.69,의류잡화,"3,167,200",36008642.0
1325,2호선,합정역,서울특별시,마포구,서교동,양화로,13.65,의류잡화,"3,270,000",36008642.0
1326,2호선,합정역,서울특별시,마포구,서교동,양화로,60.05,의류잡화,"3,646,187",36008642.0
1327,2호선,합정역,서울특별시,마포구,서교동,양화로,13.69,식당,"4,210,000",36008642.0
1328,2호선,합정역,서울특별시,마포구,서교동,양화로,18.47,의류잡화,"4,440,000",36008642.0
1329,6호선,합정역,서울특별시,마포구,서교동,양화로,50.0,의류잡화,"4,494,109",36008642.0
1330,6호선,합정역,서울특별시,마포구,서교동,양화로,42.41,의류잡화,"4,510,330",36008642.0
1331,6호선,합정역,서울특별시,마포구,서교동,양화로,38.16,식품제과,"5,073,604",36008642.0
1332,2호선,합정역,서울특별시,마포구,서교동,양화로,38.05,편의점,"6,020,100",36008642.0
1333,2호선,합정역,서울특별시,마포구,서교동,양화로,17.6,식당,"6,137,300",36008642.0
1334,2호선,합정역,서울특별시,마포구,서교동,양화로,26.59,화장품,"6,256,411",36008642.0
1335,2호선,합정역,서울특별시,마포구,서교동,양화로,30.74,의류잡화,"6,359,500",36008642.0
1336,6호선,합정역,서울특별시,마포구,서교동,양화로,75.0,소매업,"6,741,164",36008642.0
1337,6호선,합정역,서울특별시,마포구,서교동,양화로,58.0,식품제과,"6,766,992",36008642.0
1338,6호선,합정역,서울특별시,마포구,서교동,양화로,33.2,의류잡화,"6,791,851",36008642.0
1339,6호선,합정역,서울특별시,마포구,서교동,양화로,60.0,식품제과,"6,947,262",36008642.0
1340,2호선,합정역,서울특별시,마포구,서교동,양화로,31.41,의류잡화,"8,010,000",36008642.0
1341,6호선,합정역,서울특별시,마포구,서교동,양화로,42.2,의류잡화,"8,057,669",36008642.0
1342,6호선,합정역,서울특별시,마포구,서교동,양화로,33.9,의류잡화,"10,300,000",36008642.0
1343,6호선,합정역,서울특별시,마포구,서교동,양화로,15.8,식품제과,"13,110,000",36008642.0
1344,6호선,합정역,서울특별시,마포구,서교동,양화로,90.4,의류잡화,"14,505,111",36008642.0
1345,6호선,합정역,서울특별시,마포구,서교동,양화로,45.0,편의점,"19,812,605",36008642.0
1346,5호선,행당역,서울특별시,성동구,행당동,행당로,41.46,편의점,"6,615,641",5868401.0
1347,4호선,혜화역,서울특별시,종로구,명륜4가,대학로,20.0,카페,"8,756,376",31204509.0
1348,4호선,혜화역,서울특별시,종로구,명륜5가,대학로,17.46,의류잡화,"9,500,000",31204509.0
1349,2호선,홍대입구역,서울특별시,마포구,동교동,양화로,17.11,의류잡화,"2,359,876",60241918.0
1350,2호선,홍대입구역,서울특별시,마포구,동교동,양화로,23.1,의류잡화,"3,186,040",60241918.0
1351,2호선,홍대입구역,서울특별시,마포구,동교동,양화로,28.02,의류잡화,"3,864,625",60241918.0
1352,2호선,홍대입구역,서울특별시,마포구,동교동,양화로,32.73,의류잡화,"4,514,246",60241918.0
1353,2호선,홍대입구역,서울특별시,마포구,동교동,양화로,33.0,식품제과,"4,551,486",60241918.0
1354,2호선,홍대입구역,서울특별시,마포구,동교동,양화로,34.76,의류잡화,"4,794,232",60241918.0
1355,2호선,홍대입구역,서울특별시,마포구,동교동,양화로,12.0,화장품,"7,833,710",60241918.0
1356,2호선,홍대입구역,서울특별시,마포구,동교동,양화로,31.0,소매업,"12,083,300",60241918.0
1357,3호선,홍제역,서울특별시,서대문구,홍제동,통일로,14.41,의류잡화,"324,900",14074413.0
1358,3호선,홍제역,서울특별시,서대문구,홍제동,통일로,14.41,의류잡화,"367,000",14074413.0
1359,3호선,홍제역,서울특별시,서대문구,홍제동,통일로,14.41,의류잡화,"434,700",14074413.0
1360,3호선,홍제역,서울특별시,서대문구,홍제동,통일로,14.41,의류잡화,"434,700",14074413.0
1361,3호선,홍제역,서울특별시,서대문구,홍제동,통일로,14.41,의류잡화,"518,000",14074413.0
1362,3호선,홍제역,서울특별시,서대문구,홍제동,통일로,14.41,소매업,"550,000",14074413.0
1363,3호선,홍제역,서울특별시,서대문구,홍제동,통일로,15.52,카페,"2,231,248",14074413.0
1364,3호선,홍제역,서울특별시,서대문구,홍제동,통일로,1351.0,소매업,"55,185,100",14074413.0
1365,5호선,화곡역,서울특별시,강서구,화곡동,화곡로,15.48,화장품,"4,000,330",20871014.0
1366,5호선,화곡역,서울특별시,강서구,화곡동,화곡로,18.29,화장품,"4,500,330",20871014.0
1367,5호선,화곡역,서울특별시,강서구,화곡동,화곡로,67.04,식품제과,"8,269,500",20871014.0
1368,5호선,화곡역,서울특별시,강서구,화곡동,화곡로,30.0,편의점,"9,956,727",20871014.0
1369,5호선,화곡역,서울특별시,강서구,화곡동,화곡로,39.17,의류잡화,"11,457,440",20871014.0
1370,5호선,화곡역,서울특별시,강서구,화곡동,화곡로,27.0,화장품,"15,335,580",20871014.0
1371,5호선,화곡역,서울특별시,강서구,화곡동,화곡로,101.16,의류잡화,"16,073,607",20871014.0
1372,6호선,화랑대역,서울특별시,노원구,공릉동,화랑로,28.0,식품제과,"2,053,502",8400510.0
1373,6호선,화랑대역,서울특별시,노원구,공릉동,화랑로,30.0,의류잡화,"2,200,181",8400510.0
1374,6호선,화랑대역,서울특별시,노원구,공릉동,화랑로,35.0,카페,"2,325,056",8400510.0
1375,6호선,화랑대역,서울특별시,노원구,공릉동,화랑로,50.0,화장품,"3,666,969",8400510.0
1376,6호선,화랑대역,서울특별시,노원구,공릉동,화랑로,30.0,편의점,"7,478,862",8400510.0
1377,6호선,화랑대역,서울특별시,노원구,공릉동,화랑로,34.6,화장품,"10,609,653",8400510.0
1378,4호선,회현역,서울특별시,중구,남창동,퇴계로,30.0,카페,"1,233,658",22676127.0
1379,4호선,회현역,서울특별시,중구,남창동,퇴계로,81.7,의류잡화,"8,161,384",22676127.0
1380,6호선,효창공원앞역,서울특별시,용산구,효창동,백범로,31.0,소매업,"1,995,281",5154858.0
1381,6호선,효창공원앞역,서울특별시,용산구,효창동,백범로,31.0,의류잡화,"1,995,281",5154858.0
1382,6호선,효창공원앞역,서울특별시,용산구,효창동,백범로,33.0,의류잡화,"2,124,009",5154858.0
1383,6호선,효창공원앞역,서울특별시,용산구,효창동,백범로,33.0,카페,"2,124,009",5154858.0
1384,6호선,효창공원앞역,서울특별시,용산구,효창동,백범로,63.0,화장품,"4,054,926",5154858.0
1385,6호선,효창공원앞역,서울특별시,용산구,효창동,백범로,43.0,편의점,"8,991,099",5154858.0
